{"mean":{"confidence_interval":{"confidence_level":0.95,"lower_bound":1750581964.785,"upper_bound":1786186122.8249998},"point_estimate":1768143195.1,"standard_error":9112776.409660665},"median":{"confidence_interval":{"confidence_level":0.95,"lower_bound":1744002528.0,"upper_bound":1790439485.0},"point_estimate":1768538171.0,"standard_error":13788063.685575008},"median_abs_dev":{"confidence_interval":{"confidence_level":0.95,"lower_bound":3067791.417735815,"upper_bound":52469207.87938535},"point_estimate":33792486.072063446,"standard_error":11907473.610520933},"slope":null,"std_dev":{"confidence_interval":{"confidence_level":0.95,"lower_bound":17215833.9949574,"upper_bound":38516523.13044578},"point_estimate":30310649.752939362,"standard_error":5521599.191762025}}