{"mean":{"confidence_interval":{"confidence_level":0.95,"lower_bound":1601808701.7,"upper_bound":1601965032.0675},"point_estimate":1601891094.5,"standard_error":39922.893627436555},"median":{"confidence_interval":{"confidence_level":0.95,"lower_bound":1601778580.5,"upper_bound":1602006534.0},"point_estimate":1601897543.5,"standard_error":54161.75711528156},"median_abs_dev":{"confidence_interval":{"confidence_level":0.95,"lower_bound":24907.679557800293,"upper_bound":239023.28515648842},"point_estimate":139288.0436271429,"standard_error":56998.92532556498},"slope":null,"std_dev":{"confidence_interval":{"confidence_level":0.95,"lower_bound":65734.70911043369,"upper_bound":164471.38210671023},"point_estimate":132882.74459859548,"standard_error":25213.550360977944}}