{"mean":{"confidence_interval":{"confidence_level":0.95,"lower_bound":70776.22348129074,"upper_bound":70854.32750671168},"point_estimate":70817.27416001682,"standard_error":20.022299558045155},"median":{"confidence_interval":{"confidence_level":0.95,"lower_bound":70768.52650038971,"upper_bound":70873.86481337145},"point_estimate":70842.01153546375,"standard_error":30.559951091302068},"median_abs_dev":{"confidence_interval":{"confidence_level":0.95,"lower_bound":9.340687986926222,"upper_bound":118.15894228262054},"point_estimate":70.82853345546111,"standard_error":27.42254497876291},"slope":{"confidence_interval":{"confidence_level":0.95,"lower_bound":70803.04136895684,"upper_bound":70874.32687711094},"point_estimate":70844.05852557419,"standard_error":18.028894037293647},"std_dev":{"confidence_interval":{"confidence_level":0.95,"lower_bound":35.51667565524003,"upper_bound":85.93799961543927},"point_estimate":66.6661176657468,"standard_error":13.642457235344217}}