{"mean":{"confidence_interval":{"confidence_level":0.95,"lower_bound":1756815634.675,"upper_bound":1784160919.0675},"point_estimate":1769493479.2,"standard_error":7016596.0384856425},"median":{"confidence_interval":{"confidence_level":0.95,"lower_bound":1748338044.0,"upper_bound":1786139659.0},"point_estimate":1763525979.5,"standard_error":11034040.590200169},"median_abs_dev":{"confidence_interval":{"confidence_level":0.95,"lower_bound":1802132.8852057457,"upper_bound":43797475.44423938},"point_estimate":22834709.015902877,"standard_error":10074757.495335951},"slope":null,"std_dev":{"confidence_interval":{"confidence_level":0.95,"lower_bound":12479479.335916815,"upper_bound":30317727.13569509},"point_estimate":23365023.50292319,"standard_error":4936292.051383807}}