{"mean":{"confidence_interval":{"confidence_level":0.95,"lower_bound":12010385163.3,"upper_bound":12148136614.4},"point_estimate":12079011461.7,"standard_error":35272400.65469318},"median":{"confidence_interval":{"confidence_level":0.95,"lower_bound":11972060065.0,"upper_bound":12185077833.0},"point_estimate":12083811892.5,"standard_error":57959669.332153805},"median_abs_dev":{"confidence_interval":{"confidence_level":0.95,"lower_bound":25690593.160700798,"upper_bound":195060706.6378802},"point_estimate":155652148.91542196,"standard_error":42185932.03988786},"slope":null,"std_dev":{"confidence_interval":{"confidence_level":0.95,"lower_bound":73147688.29945968,"upper_bound":142489581.71264306},"point_estimate":117768248.47513051,"standard_error":17658289.06934348}}