{"mean":{"confidence_interval":{"confidence_level":0.95,"lower_bound":59608864.66269841,"upper_bound":59655236.24195834},"point_estimate":59629193.14769842,"standard_error":12014.854605123932},"median":{"confidence_interval":{"confidence_level":0.95,"lower_bound":59599433.333333336,"upper_bound":59642636.0625},"point_estimate":59621227.244444445,"standard_error":9948.506663711203},"median_abs_dev":{"confidence_interval":{"confidence_level":0.95,"lower_bound":3119.0093987937944,"upper_bound":50788.50067332387},"point_estimate":29210.925981402397,"standard_error":13400.688893384417},"slope":{"confidence_interval":{"confidence_level":0.95,"lower_bound":59603736.49441964,"upper_bound":59645184.082695566},"point_estimate":59624314.28441559,"standard_error":11124.674551731514},"std_dev":{"confidence_interval":{"confidence_level":0.95,"lower_bound":13521.921470126817,"upper_bound":56611.63747738738},"point_estimate":39927.53228718707,"standard_error":12515.16740011351}}