{"mean":{"confidence_interval":{"confidence_level":0.95,"lower_bound":13469.992442758656,"upper_bound":13515.265909783924},"point_estimate":13491.852201979575,"standard_error":11.583915813474873},"median":{"confidence_interval":{"confidence_level":0.95,"lower_bound":13460.914603462157,"upper_bound":13527.503468867419},"point_estimate":13469.388901469403,"standard_error":22.80986521009815},"median_abs_dev":{"confidence_interval":{"confidence_level":0.95,"lower_bound":2.5698349805442673,"upper_bound":51.254220450259346},"point_estimate":19.983727196544432,"standard_error":16.475144466014655},"slope":{"confidence_interval":{"confidence_level":0.95,"lower_bound":13489.329192378094,"upper_bound":13531.63921661705},"point_estimate":13516.83428736119,"standard_error":10.598103291094288},"std_dev":{"confidence_interval":{"confidence_level":0.95,"lower_bound":21.491503914099525,"upper_bound":45.92237388368007},"point_estimate":38.6986036833672,"standard_error":5.984792876213788}}