{"mean":{"confidence_interval":{"confidence_level":0.95,"lower_bound":211084.8097286822,"upper_bound":221004.0562015504},"point_estimate":216029.4775086133,"standard_error":2537.540856210949},"median":{"confidence_interval":{"confidence_level":0.95,"lower_bound":207263.29941860464,"upper_bound":224242.93281653748},"point_estimate":215971.68301033592,"standard_error":4748.038311505736},"median_abs_dev":{"confidence_interval":{"confidence_level":0.95,"lower_bound":1347.7003761704289,"upper_bound":13408.82698933592},"point_estimate":12587.002014423653,"standard_error":3277.312498829176},"slope":{"confidence_interval":{"confidence_level":0.95,"lower_bound":208223.25428249684,"upper_bound":218453.0957137545},"point_estimate":212981.51344675996,"standard_error":2755.259189921725},"std_dev":{"confidence_interval":{"confidence_level":0.95,"lower_bound":5572.257226622645,"upper_bound":9853.874970883007},"point_estimate":8466.894457965689,"standard_error":1100.4235935047425}}