{"mean":{"confidence_interval":{"confidence_level":0.95,"lower_bound":293021022.5,"upper_bound":293152052.30625004},"point_estimate":293087219.15,"standard_error":33592.011809032614},"median":{"confidence_interval":{"confidence_level":0.95,"lower_bound":292999695.5,"upper_bound":293187948.0},"point_estimate":293085609.75,"standard_error":48068.26555219674},"median_abs_dev":{"confidence_interval":{"confidence_level":0.95,"lower_bound":30588.632006943226,"upper_bound":203045.0315952301},"point_estimate":127097.36534357071,"standard_error":43284.00447653426},"slope":null,"std_dev":{"confidence_interval":{"confidence_level":0.95,"lower_bound":66700.35998114171,"upper_bound":137759.2294012758},"point_estimate":112049.64517744652,"standard_error":18340.015384209575}}