{"mean":{"confidence_interval":{"confidence_level":0.95,"lower_bound":351072071.2375,"upper_bound":360908831.3},"point_estimate":355811628.2,"standard_error":2505113.689111974},"median":{"confidence_interval":{"confidence_level":0.95,"lower_bound":350869231.5,"upper_bound":360599376.0},"point_estimate":354925335.5,"standard_error":2310764.3928605127},"median_abs_dev":{"confidence_interval":{"confidence_level":0.95,"lower_bound":914087.376871705,"upper_bound":13952139.003700018},"point_estimate":6003718.169912696,"standard_error":3148280.964322534},"slope":null,"std_dev":{"confidence_interval":{"confidence_level":0.95,"lower_bound":3700132.648602724,"upper_bound":11389289.920700943},"point_estimate":8376113.292472975,"standard_error":1986351.1714280716}}