{"mean":{"confidence_interval":{"confidence_level":0.95,"lower_bound":258731509.215,"upper_bound":258810198.64624998},"point_estimate":258770764.55,"standard_error":20192.262183055947},"median":{"confidence_interval":{"confidence_level":0.95,"lower_bound":258700247.5,"upper_bound":258824015.75},"point_estimate":258774423.25,"standard_error":34828.680594046244},"median_abs_dev":{"confidence_interval":{"confidence_level":0.95,"lower_bound":12157.319784164429,"upper_bound":105859.12072062492},"point_estimate":75390.57931154966,"standard_error":26834.402931509605},"slope":null,"std_dev":{"confidence_interval":{"confidence_level":0.95,"lower_bound":42558.65829067897,"upper_bound":81703.67532752122},"point_estimate":67408.56628815806,"standard_error":10050.346140139094}}