{"mean":{"confidence_interval":{"confidence_level":0.95,"lower_bound":190899892.2,"upper_bound":200771298.46666664},"point_estimate":195524293.5,"standard_error":2536653.8508468093},"median":{"confidence_interval":{"confidence_level":0.95,"lower_bound":189302970.33333334,"upper_bound":206571640.33333334},"point_estimate":191246380.8333333,"standard_error":4156774.341275273},"median_abs_dev":{"confidence_interval":{"confidence_level":0.95,"lower_bound":597442.3229932933,"upper_bound":13586331.181794405},"point_estimate":3192551.2171208784,"standard_error":3242419.086470062},"slope":null,"std_dev":{"confidence_interval":{"confidence_level":0.95,"lower_bound":1878411.2993393026,"upper_bound":9666202.437224846},"point_estimate":8459756.201956179,"standard_error":1584120.6967928726}}