{"mean":{"confidence_interval":{"confidence_level":0.95,"lower_bound":129970126.37014684,"upper_bound":130084499.47500795},"point_estimate":130016142.90920635,"standard_error":30667.598004915773},"median":{"confidence_interval":{"confidence_level":0.95,"lower_bound":129958980.66666666,"upper_bound":130031385.0},"point_estimate":129992404.10714287,"standard_error":17989.141476997465},"median_abs_dev":{"confidence_interval":{"confidence_level":0.95,"lower_bound":11295.558549463749,"upper_bound":84460.26110053799},"point_estimate":48503.17577223474,"standard_error":19593.369627563025},"slope":{"confidence_interval":{"confidence_level":0.95,"lower_bound":129950735.27710843,"upper_bound":130006017.52173913},"point_estimate":129974872.61818182,"standard_error":14347.43937913187},"std_dev":{"confidence_interval":{"confidence_level":0.95,"lower_bound":24022.71706345399,"upper_bound":154516.69944027852},"point_estimate":102413.06185655521,"standard_error":42623.928320827996}}