{"mean":{"confidence_interval":{"confidence_level":0.95,"lower_bound":107595.22976389839,"upper_bound":110907.5508137816},"point_estimate":109234.38996226361,"standard_error":847.0313986814305},"median":{"confidence_interval":{"confidence_level":0.95,"lower_bound":107033.18488337321,"upper_bound":111486.98564593302},"point_estimate":109092.39201127819,"standard_error":1098.5607988008003},"median_abs_dev":{"confidence_interval":{"confidence_level":0.95,"lower_bound":928.6360701162821,"upper_bound":4785.663984415464},"point_estimate":2928.135686950608,"standard_error":1021.1914767730013},"slope":{"confidence_interval":{"confidence_level":0.95,"lower_bound":107152.61509873449,"upper_bound":109230.41631931195},"point_estimate":108245.27088174984,"standard_error":532.7076894606175},"std_dev":{"confidence_interval":{"confidence_level":0.95,"lower_bound":1584.709565331345,"upper_bound":3587.620850207073},"point_estimate":2824.596389336643,"standard_error":515.3830131270953}}