{"mean":{"confidence_interval":{"confidence_level":0.95,"lower_bound":247628.65408914728,"upper_bound":256039.1566491642},"point_estimate":251958.539188469,"standard_error":2156.335093070781},"median":{"confidence_interval":{"confidence_level":0.95,"lower_bound":247015.3871124031,"upper_bound":258284.50236191862},"point_estimate":252629.3976744186,"standard_error":3469.2142703916224},"median_abs_dev":{"confidence_interval":{"confidence_level":0.95,"lower_bound":545.1175312524781,"upper_bound":12760.164327938544},"point_estimate":6828.783826947978,"standard_error":2957.1097102104354},"slope":{"confidence_interval":{"confidence_level":0.95,"lower_bound":248074.7683281029,"upper_bound":257822.247211772},"point_estimate":252410.60134400483,"standard_error":2483.7770983882756},"std_dev":{"confidence_interval":{"confidence_level":0.95,"lower_bound":4260.987171988094,"upper_bound":9083.30832611668},"point_estimate":7203.303379154709,"standard_error":1277.1972000061}}