{"mean":{"confidence_interval":{"confidence_level":0.95,"lower_bound":499808670.9275,"upper_bound":501620847.57},"point_estimate":500534724.1,"standard_error":490858.6180933569},"median":{"confidence_interval":{"confidence_level":0.95,"lower_bound":499577672.0,"upper_bound":500666963.0},"point_estimate":500187019.0,"standard_error":342930.2944825888},"median_abs_dev":{"confidence_interval":{"confidence_level":0.95,"lower_bound":132398.4015494585,"upper_bound":1371092.1470582485},"point_estimate":778511.7635786533,"standard_error":314781.3209723973},"slope":null,"std_dev":{"confidence_interval":{"confidence_level":0.95,"lower_bound":394218.7392293109,"upper_bound":2488153.8095082217},"point_estimate":1640725.3490178904,"standard_error":702543.2964418425}}