{"mean":{"confidence_interval":{"confidence_level":0.95,"lower_bound":1621659.4761623987,"upper_bound":1675089.9173218026},"point_estimate":1648540.1360025455,"standard_error":13618.707290042377},"median":{"confidence_interval":{"confidence_level":0.95,"lower_bound":1617038.6714959568,"upper_bound":1679383.9929245282},"point_estimate":1645971.536163522,"standard_error":13688.986548574714},"median_abs_dev":{"confidence_interval":{"confidence_level":0.95,"lower_bound":5460.736067203604,"upper_bound":74173.00923552434},"point_estimate":37033.41425125196,"standard_error":19429.496495325668},"slope":{"confidence_interval":{"confidence_level":0.95,"lower_bound":1641087.8669631055,"upper_bound":1699588.4531269874},"point_estimate":1669413.3592746875,"standard_error":15380.196736135578},"std_dev":{"confidence_interval":{"confidence_level":0.95,"lower_bound":20974.66404087383,"upper_bound":59836.05421410232},"point_estimate":45320.66735288233,"standard_error":9690.87160035924}}