{"mean":{"confidence_interval":{"confidence_level":0.95,"lower_bound":120947.69622741667,"upper_bound":121043.60211303175},"point_estimate":120996.9688373016,"standard_error":24.577493734681106},"median":{"confidence_interval":{"confidence_level":0.95,"lower_bound":120918.72266666667,"upper_bound":121071.85},"point_estimate":121009.75415873015,"standard_error":43.35196106784798},"median_abs_dev":{"confidence_interval":{"confidence_level":0.95,"lower_bound":10.545140572776113,"upper_bound":133.60807957798417},"point_estimate":94.4349583901205,"standard_error":33.4498363702477},"slope":{"confidence_interval":{"confidence_level":0.95,"lower_bound":120926.11734289203,"upper_bound":121039.77598081289},"point_estimate":120982.98514978355,"standard_error":29.73503511645119},"std_dev":{"confidence_interval":{"confidence_level":0.95,"lower_bound":49.73022071602955,"upper_bound":96.81632004572822},"point_estimate":82.18723999264436,"standard_error":11.868419481088207}}