{"mean":{"confidence_interval":{"confidence_level":0.95,"lower_bound":158023.83709948827,"upper_bound":162943.8505696432},"point_estimate":160393.2731751814,"standard_error":1266.549298316326},"median":{"confidence_interval":{"confidence_level":0.95,"lower_bound":156786.27732240438,"upper_bound":163817.38691560412},"point_estimate":159843.05487755514,"standard_error":1595.7542785125215},"median_abs_dev":{"confidence_interval":{"confidence_level":0.95,"lower_bound":1172.254261592714,"upper_bound":7666.117311513052},"point_estimate":3775.6992173941803,"standard_error":1635.8928355420005},"slope":{"confidence_interval":{"confidence_level":0.95,"lower_bound":156773.00922373368,"upper_bound":160044.80878141598},"point_estimate":158579.39641851772,"standard_error":845.9418808908049},"std_dev":{"confidence_interval":{"confidence_level":0.95,"lower_bound":2246.8810190743075,"upper_bound":5337.405380947916},"point_estimate":4240.23051753904,"standard_error":787.131858293251}}