{"mean":{"confidence_interval":{"confidence_level":0.95,"lower_bound":2129830852.9,"upper_bound":2149215006.185},"point_estimate":2139710556.4,"standard_error":4967813.7646792885},"median":{"confidence_interval":{"confidence_level":0.95,"lower_bound":2122462537.0,"upper_bound":2152600935.5},"point_estimate":2143048854.5,"standard_error":7632089.951869789},"median_abs_dev":{"confidence_interval":{"confidence_level":0.95,"lower_bound":2307318.448036909,"upper_bound":29609191.62323177},"point_estimate":15939663.602614403,"standard_error":6651281.347396922},"slope":null,"std_dev":{"confidence_interval":{"confidence_level":0.95,"lower_bound":9711939.014187949,"upper_bound":19979467.03348021},"point_estimate":16569302.920869704,"standard_error":2578556.881035103}}