{"mean":{"confidence_interval":{"confidence_level":0.95,"lower_bound":690486061.4925,"upper_bound":690952149.7},"point_estimate":690668655.9,"standard_error":127164.06131845475},"median":{"confidence_interval":{"confidence_level":0.95,"lower_bound":690427850.0,"upper_bound":690683015.5},"point_estimate":690595802.5,"standard_error":78124.9957401465},"median_abs_dev":{"confidence_interval":{"confidence_level":0.95,"lower_bound":7709.519863128662,"upper_bound":291940.59553451533},"point_estimate":226487.90237903595,"standard_error":86373.33316731478},"slope":null,"std_dev":{"confidence_interval":{"confidence_level":0.95,"lower_bound":90333.0175296307,"upper_bound":645089.8505264298},"point_estimate":424448.9926204849,"standard_error":187730.19088141504}}