{"mean":{"confidence_interval":{"confidence_level":0.95,"lower_bound":349388385.12375003,"upper_bound":356618994.15},"point_estimate":353021534.15,"standard_error":1856111.898566232},"median":{"confidence_interval":{"confidence_level":0.95,"lower_bound":347327932.5,"upper_bound":358067167.0},"point_estimate":353614942.5,"standard_error":3095808.65522588},"median_abs_dev":{"confidence_interval":{"confidence_level":0.95,"lower_bound":1527012.3678401113,"upper_bound":9933215.595500171},"point_estimate":7761528.358255327,"standard_error":2183497.5184993367},"slope":null,"std_dev":{"confidence_interval":{"confidence_level":0.95,"lower_bound":3871936.2067833706,"upper_bound":7464909.582076918},"point_estimate":6174662.403234762,"standard_error":921762.3095385917}}