{"mean":{"confidence_interval":{"confidence_level":0.95,"lower_bound":141987968.75361308,"upper_bound":146823085.18401787},"point_estimate":144547472.85654765,"standard_error":1243907.3503156651},"median":{"confidence_interval":{"confidence_level":0.95,"lower_bound":141537412.11666667,"upper_bound":147583431.5625},"point_estimate":145194768.76190478,"standard_error":1538596.6213289623},"median_abs_dev":{"confidence_interval":{"confidence_level":0.95,"lower_bound":615614.1308006379,"upper_bound":6881169.198864793},"point_estimate":2967646.175538741,"standard_error":1633430.7325327434},"slope":{"confidence_interval":{"confidence_level":0.95,"lower_bound":141780087.2049707,"upper_bound":145732705.12497577},"point_estimate":143995112.72467533,"standard_error":987946.9418835656},"std_dev":{"confidence_interval":{"confidence_level":0.95,"lower_bound":1881591.7379581188,"upper_bound":5328603.258427017},"point_estimate":4136926.7505451785,"standard_error":891260.2539431194}}