{"mean":{"confidence_interval":{"confidence_level":0.95,"lower_bound":485630279.4625,"upper_bound":491137307.53749996},"point_estimate":488491784.5,"standard_error":1416467.3590113104},"median":{"confidence_interval":{"confidence_level":0.95,"lower_bound":482791031.0,"upper_bound":492390277.5},"point_estimate":489885781.75,"standard_error":2452223.679182693},"median_abs_dev":{"confidence_interval":{"confidence_level":0.95,"lower_bound":157367.60900616646,"upper_bound":7556097.452652454},"point_estimate":3811911.309725046,"standard_error":1940602.5543692554},"slope":null,"std_dev":{"confidence_interval":{"confidence_level":0.95,"lower_bound":2480665.19716461,"upper_bound":5553090.0869992245},"point_estimate":4719576.800032004,"standard_error":733159.7681051592}}