{
  "results": [
    {
      "command": "cargo run --release -- bf < ds/NR4_inst.dat",
      "mean": 0.1009567600314815,
      "stddev": 0.005090940505065431,
      "median": 0.10059832655,
      "user": 0.086851785,
      "system": 0.014114819629629629,
      "min": 0.09358435655000001,
      "max": 0.11449424555000001,
      "times": [
        0.10717006455000001,
        0.11449424555000001,
        0.10135386155000001,
        0.09716714355000002,
        0.10383849055000001,
        0.10142856555000002,
        0.09512453755000001,
        0.09653611055000001,
        0.10403770155000001,
        0.09971917655000001,
        0.09854591555000002,
        0.10264022855,
        0.09543395255,
        0.09733485255000002,
        0.10024440355000001,
        0.10140126355000001,
        0.09803088855000001,
        0.09358435655000001,
        0.09608943355,
        0.09574206455,
        0.10335997655000001,
        0.10687876655000002,
        0.09503672555,
        0.10059832655,
        0.10583771055,
        0.11043555955,
        0.10376819855000001
      ],
      "parameters": {
        "alg": "bf",
        "n": "4"
      }
    },
    {
      "command": "cargo run --release -- bf < ds/NR10_inst.dat",
      "mean": 0.10730928626428571,
      "stddev": 0.0072668286839100696,
      "median": 0.10683991455000001,
      "user": 0.09286067785714285,
      "system": 0.013843540714285714,
      "min": 0.09565165855,
      "max": 0.12674294155000002,
      "times": [
        0.10356788755000002,
        0.10534178355000001,
        0.10741759555000001,
        0.10789912155,
        0.10655404955000002,
        0.10667485555000002,
        0.11313770555000001,
        0.10859775955,
        0.10231321955000001,
        0.10049342055,
        0.09736625155,
        0.09901144055000001,
        0.10704287555000001,
        0.10790262155000001,
        0.10213270955,
        0.10409061555000002,
        0.10154937855000001,
        0.10558959655000001,
        0.12674294155000002,
        0.12087782355000001,
        0.11798056755000001,
        0.11652538855000001,
        0.11755814455000001,
        0.10860745955000001,
        0.09990898955000001,
        0.09565165855,
        0.10700497355000001,
        0.10711918055000001
      ],
      "parameters": {
        "alg": "bf",
        "n": "10"
      }
    },
    {
      "command": "cargo run --release -- bf < ds/NR15_inst.dat",
      "mean": 0.1573985341055556,
      "stddev": 0.004783871216889818,
      "median": 0.15693307555000002,
      "user": 0.14393384055555555,
      "system": 0.013380949444444446,
      "min": 0.15170829255,
      "max": 0.16773146055000002,
      "times": [
        0.16498781155,
        0.16246457555000002,
        0.15896018555000002,
        0.16040936355000002,
        0.15465705255,
        0.16011594755000003,
        0.15767291555000001,
        0.15619323555,
        0.16773146055000002,
        0.15297876155,
        0.16068107855000002,
        0.15429683255,
        0.15221371955000002,
        0.15202930955000002,
        0.15987233455000002,
        0.15170829255,
        0.15312366955,
        0.15307706755
      ],
      "parameters": {
        "alg": "bf",
        "n": "15"
      }
    },
    {
      "command": "cargo run --release -- bf < ds/NR20_inst.dat",
      "mean": 1.9509760435499999,
      "stddev": 0.03159807895176402,
      "median": 1.94296559305,
      "user": 1.9335942849999999,
      "system": 0.016938755,
      "min": 1.92518184355,
      "max": 1.99279114455,
      "times": [
        1.99279114455,
        1.92791338855,
        1.9580177975500002,
        1.92518184355
      ],
      "parameters": {
        "alg": "bf",
        "n": "20"
      }
    },
    {
      "command": "cargo run --release -- bb < ds/NR4_inst.dat",
      "mean": 0.09863695355000004,
      "stddev": 0.003741728353519534,
      "median": 0.09698756355000002,
      "user": 0.08396289611111112,
      "system": 0.014775430925925925,
      "min": 0.09329056655000001,
      "max": 0.10676598755000001,
      "times": [
        0.10652267455000002,
        0.10228714755000001,
        0.09329056655000001,
        0.09641563355,
        0.09698756355000002,
        0.09454663455000001,
        0.09958550355000001,
        0.10676598755000001,
        0.09642743455000001,
        0.09473384355000002,
        0.10318579555000001,
        0.10291568155000001,
        0.09855384855000002,
        0.09617152155000001,
        0.09640003355000001,
        0.10358087555,
        0.09806518255,
        0.09609027755,
        0.09475410655000001,
        0.09624648655000001,
        0.09591346855,
        0.09636129255,
        0.09483541155000001,
        0.10127775255000002,
        0.10166627255,
        0.10023369755000001,
        0.09938305155
      ],
      "parameters": {
        "alg": "bb",
        "n": "4"
      }
    },
    {
      "command": "cargo run --release -- bb < ds/NR10_inst.dat",
      "mean": 0.10580195180925926,
      "stddev": 0.003042238193021237,
      "median": 0.10483444055,
      "user": 0.08861345166666666,
      "system": 0.017282393888888886,
      "min": 0.10136495755000001,
      "max": 0.11174190755,
      "times": [
        0.10712576255000002,
        0.10246651555000001,
        0.10805641155000001,
        0.10838532955,
        0.10997141355000001,
        0.10470563455000001,
        0.10271452855000002,
        0.10444922155000001,
        0.10757738655000001,
        0.10955069155000001,
        0.11022032655000001,
        0.10454422655000001,
        0.10136495755000001,
        0.10417220655000001,
        0.10138665755000001,
        0.10175657755,
        0.10483444055,
        0.10356287455000002,
        0.10568118655000001,
        0.10473743655000001,
        0.10964679655000001,
        0.10659293455,
        0.10149256455000001,
        0.10419110755000001,
        0.10683694655,
        0.11174190755,
        0.10888665555000002
      ],
      "parameters": {
        "alg": "bb",
        "n": "10"
      }
    },
    {
      "command": "cargo run --release -- bb < ds/NR15_inst.dat",
      "mean": 0.12544080209545455,
      "stddev": 0.0037288765346785036,
      "median": 0.12471259505000001,
      "user": 0.10936637590909092,
      "system": 0.01608032318181818,
      "min": 0.11816464855000001,
      "max": 0.13252470955,
      "times": [
        0.13044559955,
        0.13252470955,
        0.12884291455000002,
        0.12555683955000002,
        0.12847029455,
        0.12204185355000001,
        0.12410206355000002,
        0.11816464855000001,
        0.12839519055,
        0.12324561755,
        0.12270968855000002,
        0.12726993055000002,
        0.12508011455,
        0.12388565155000002,
        0.12328581955000001,
        0.12190044655000001,
        0.12403105855000002,
        0.12434507555000002,
        0.11917260155,
        0.12719402755,
        0.13136804855,
        0.12766545155
      ],
      "parameters": {
        "alg": "bb",
        "n": "15"
      }
    },
    {
      "command": "cargo run --release -- bb < ds/NR20_inst.dat",
      "mean": 0.5562530753500001,
      "stddev": 0.00966834100772081,
      "median": 0.5613419485500001,
      "user": 0.536258385,
      "system": 0.019956305,
      "min": 0.54214413055,
      "max": 0.56413175255,
      "times": [
        0.54214413055,
        0.5613419485500001,
        0.56413175255,
        0.5502578235500001,
        0.56338972155
      ],
      "parameters": {
        "alg": "bb",
        "n": "20"
      }
    },
    {
      "command": "cargo run --release -- dp < ds/NR4_inst.dat",
      "mean": 0.10455062387142858,
      "stddev": 0.005002167771456173,
      "median": 0.10351093305,
      "user": 0.08775042785714286,
      "system": 0.016872040714285715,
      "min": 0.09712274355000002,
      "max": 0.11747492455000001,