{
  "results": [
    {
      "command": "cargo run --release -- bf \\\n           < ds/NR4_inst.dat \\\n           > ../docs/measurements/bf-N4.txt",
      "mean": 0.12249555753847825,
      "stddev": 0.008991786260134136,
      "median": 0.12109926649500001,
      "user": 0.1038886752173913,
      "system": 0.018496801956521737,
      "min": 0.10806938749500002,
      "max": 0.145199212495,
      "times": [
        0.124272085495,
        0.12199997249500001,
        0.128555511495,
        0.12183227049500002,
        0.12035016249500001,
        0.134282246495,
        0.12493108949500002,
        0.127716406495,
        0.11550663249500001,
        0.145199212495,
        0.139676979495,
        0.133219939495,
        0.12109926649500001,
        0.11576453449500002,
        0.11900225349500002,
        0.11885675349500001,
        0.11359452049500002,
        0.11410692449500001,
        0.11505042949500001,
        0.11929225549500001,
        0.11297481649500002,
        0.10806938749500002,
        0.12204417249500002
      ],
      "parameters": {
        "alg": "bf",
        "n": "4",
        "set": "N"
      }
    },
    {
      "command": "cargo run --release -- bf \\\n           < ds/NR10_inst.dat \\\n           > ../docs/measurements/bf-N10.txt",
      "mean": 0.12204612140804347,
      "stddev": 0.005196828726571345,
      "median": 0.12114616649500001,
      "user": 0.1035654143478261,
      "system": 0.018349019347826085,
      "min": 0.11349342249500001,
      "max": 0.132352219495,
      "times": [
        0.128762312495,
        0.11824134949500001,
        0.11784944649500001,
        0.12120846749500001,
        0.12114616649500001,
        0.131241428495,
        0.119912259495,
        0.12471578849500002,
        0.131811927495,
        0.127027292495,
        0.11846394849500001,
        0.12305977149500001,
        0.118298146495,
        0.11349342249500001,
        0.119333952495,
        0.12294077149500002,
        0.12377527549500002,
        0.12260166949500001,
        0.11901245049500002,
        0.11669603849500002,
        0.132352219495,
        0.11651013849500001,
        0.11860654849500002
      ],
      "parameters": {
        "alg": "bf",
        "n": "10",
        "set": "N"
      }
    },
    {
      "command": "cargo run --release -- bf \\\n           < ds/NR15_inst.dat \\\n           > ../docs/measurements/bf-N15.txt",
      "mean": 0.26618578022227274,
      "stddev": 0.017357778500758647,
      "median": 0.262728198495,
      "user": 0.24212874636363635,
      "system": 0.020150715,
      "min": 0.250193033495,
      "max": 0.31469216849500004,
      "times": [
        0.258764777495,
        0.262728198495,
        0.26519911149500003,
        0.267697824495,
        0.269634434495,
        0.252972948495,
        0.260081284495,
        0.31469216849500004,
        0.250193033495,
        0.256314165495,
        0.269765635495
      ],
      "parameters": {
        "alg": "bf",
        "n": "15",
        "set": "N"
      }
    },
    {
      "command": "cargo run --release -- bf \\\n           < ds/NR20_inst.dat \\\n           > ../docs/measurements/bf-N20.txt",
      "mean": 4.915512940745,
      "stddev": 0.12119675799873206,
      "median": 4.890910625995,
      "user": 4.88991436,
      "system": 0.024925465,
      "min": 4.796080344495,
      "max": 5.084150166495,
      "times": [
        4.899650068495,
        5.084150166495,
        4.796080344495,
        4.882171183495
      ],
      "parameters": {
        "alg": "bf",
        "n": "20",
        "set": "N"
      }
    },
    {
      "command": "cargo run --release -- bf \\\n           < ds/NR22_inst.dat \\\n           > ../docs/measurements/bf-N22.txt",
      "mean": 17.444820253745,
      "stddev": 0.29497094852280153,
      "median": 17.435603297495,
      "user": 17.415081360000002,
      "system": 0.027933215,
      "min": 17.093712542495,
      "max": 17.814361877495,
      "times": [
        17.093712542495,
        17.413063995495,
        17.458142599494998,
        17.814361877495
      ],
      "parameters": {
        "alg": "bf",
        "n": "22",
        "set": "N"
      }
    },
    {
      "command": "cargo run --release -- bf \\\n           < ds/NR25_inst.dat \\\n           > ../docs/measurements/bf-N25.txt",
      "mean": 149.00777623699497,
      "stddev": 3.2580117543328835,
      "median": 149.525905888995,
      "user": 148.92022035999997,
      "system": 0.059961215,
      "min": 144.674941878495,
      "max": 152.304351291495,
      "times": [
        144.674941878495,
        148.613177990495,
        152.304351291495,
        150.438633787495
      ],
      "parameters": {
        "alg": "bf",
        "n": "25",
        "set": "N"
      }
    },
    {
      "command": "cargo run --release -- bf \\\n           < ds/ZR4_inst.dat \\\n           > ../docs/measurements/bf-Z4.txt",
      "mean": 0.11663611495333337,
      "stddev": 0.004753455494089975,
      "median": 0.11659157699500002,
      "user": 0.09804123499999999,
      "system": 0.01855079833333333,
      "min": 0.10796012949500002,
      "max": 0.128127641495,
      "times": [
        0.12235290949500001,
        0.11408686349500001,
        0.11806998549500002,
        0.11401826249500001,
        0.11246965449500002,
        0.11997459649500002,
        0.12047079849500002,
        0.12183840649500001,
        0.11645587649500001,
        0.12012249649500001,
        0.10796012949500002,
        0.10932973649500001,
        0.11776688449500002,
        0.11602647349500002,
        0.11672727749500002,
        0.11623947549500001,
        0.112852556495,
        0.10827053149500002,
        0.11428386449500001,
        0.11834598749500001,
        0.11904429049500001,
        0.128127641495,
        0.11351545949500001,
        0.12091660049500001
      ],
      "parameters": {
        "alg": "bf",
        "n": "4",
        "set": "Z"
      }
    },
    {
      "command": "cargo run --release -- bf \\\n           < ds/ZR10_inst.dat \\\n           > ../docs/measurements/bf-Z10.txt",
      "mean": 0.12601012485863639,
      "stddev": 0.00614334925702686,
      "median": 0.12429566999500001,
      "user": 0.10482888272727271,
      "system": 0.021213896818181813,
      "min": 0.11735588149500001,
      "max": 0.139339903495,
      "times": [
        0.130525554495,
        0.125489226495,
        0.125002623495,
        0.139339903495,
        0.123165613495,
        0.12328321449500002,
        0.127580938495,
        0.124879023495,
        0.12157510449500002,
        0.12278311149500001,
        0.130831556495,
        0.127689138495,
        0.12103780149500001,
        0.12028449849500002,
        0.12148020349500001,
        0.125449925495,
        0.12175590649500001,
        0.12371231649500002,
        0.12162370549500001,
        0.138228396495,
        0.139149102495,
        0.11735588149500001
      ],
      "parameters": {
        "alg": "bf",
        "n": "10",
        "set": "Z"
      }
    },
    {
      "command": "cargo run --release -- bf \\\n           < ds/ZR15_inst.dat \\\n           > ../docs/measurements/bf-Z15.txt",
      "mean": 0.34127239562,
      "stddev": 0.011961219464016262,
      "median": 0.335468838495,
      "user": 0.32087086,
      "system": 0.020339464999999998,
      "min": 0.333395775495,
      "max": 0.369237367495,
      "times": [
        0.335463588495,
        0.335474088495,
        0.345247242495,
        0.369237367495,
        0.335384488495,
        0.333395775495,
        0.340989528495,
        0.334987085495
      ],
      "parameters": {
        "alg": "bf",
        "n": "15",
        "set": "Z"
      }
    },
    {
      "command": "cargo run --release -- bf \\\n           < ds/ZR20_inst.dat \\\n           > ../docs/measurements/bf-Z20.txt",
      "mean": 7.521763825245,
      "stddev": 0.0786546974883319,
      "median": 7.543216860495001,
      "user": 7.49929286,
      "system": 0.021552215,