{"mean":{"confidence_interval":{"confidence_level":0.95,"lower_bound":252414.7931070599,"upper_bound":252574.2436510147},"point_estimate":252476.3209676349,"standard_error":44.00719473943641},"median":{"confidence_interval":{"confidence_level":0.95,"lower_bound":252402.32534818942,"upper_bound":252473.6867455896},"point_estimate":252439.331509484,"standard_error":25.766872200415374},"median_abs_dev":{"confidence_interval":{"confidence_level":0.95,"lower_bound":3.5508062879583058,"upper_bound":93.69009706925993},"point_estimate":49.51785583395151,"standard_error":24.917671720786835},"slope":{"confidence_interval":{"confidence_level":0.95,"lower_bound":252430.85956537456,"upper_bound":252727.30513207652},"point_estimate":252564.0661288572,"standard_error":88.17607514713102},"std_dev":{"confidence_interval":{"confidence_level":0.95,"lower_bound":28.24151574039761,"upper_bound":224.66848159189843},"point_estimate":147.10925014429887,"standard_error":67.44453571527129}}