{"mean":{"confidence_interval":{"confidence_level":0.95,"lower_bound":345494995.45,"upper_bound":361066212.55875003},"point_estimate":353061626.3,"standard_error":3992047.637051681},"median":{"confidence_interval":{"confidence_level":0.95,"lower_bound":342347022.5,"upper_bound":366636602.0},"point_estimate":349192242.25,"standard_error":6101098.690885119},"median_abs_dev":{"confidence_interval":{"confidence_level":0.95,"lower_bound":2702231.9313257933,"upper_bound":22123813.448023796},"point_estimate":14488191.556683183,"standard_error":5320778.7732926},"slope":null,"std_dev":{"confidence_interval":{"confidence_level":0.95,"lower_bound":7674629.749280615,"upper_bound":15981979.0070984},"point_estimate":13348740.254038854,"standard_error":2067334.1057088692}}