{"mean":{"confidence_interval":{"confidence_level":0.95,"lower_bound":574384589.6725,"upper_bound":589824152.4224999},"point_estimate":581197965.0,"standard_error":3977946.311205959},"median":{"confidence_interval":{"confidence_level":0.95,"lower_bound":571389937.0,"upper_bound":588638791.5},"point_estimate":577350918.0,"standard_error":4120117.999160568},"median_abs_dev":{"confidence_interval":{"confidence_level":0.95,"lower_bound":1327711.271828413,"upper_bound":17958257.566577196},"point_estimate":8739029.130551219,"standard_error":4631279.075384774},"slope":null,"std_dev":{"confidence_interval":{"confidence_level":0.95,"lower_bound":4284582.643957131,"upper_bound":18290759.9179372},"point_estimate":13228877.853888867,"standard_error":3882569.4509034166}}