{"mean":{"confidence_interval":{"confidence_level":0.95,"lower_bound":7736182239.73,"upper_bound":7745725411.632501},"point_estimate":7739894192.2,"standard_error":2631632.617514736},"median":{"confidence_interval":{"confidence_level":0.95,"lower_bound":7735176485.0,"upper_bound":7740136672.0},"point_estimate":7736930605.0,"standard_error":1448931.6790595213},"median_abs_dev":{"confidence_interval":{"confidence_level":0.95,"lower_bound":590584.062615037,"upper_bound":5801499.687802792},"point_estimate":3024243.008708954,"standard_error":1396614.966441463},"slope":null,"std_dev":{"confidence_interval":{"confidence_level":0.95,"lower_bound":1589497.024890666,"upper_bound":13362527.077691881},"point_estimate":8758000.139946166,"standard_error":3975789.636744415}}