{"mean":{"confidence_interval":{"confidence_level":0.95,"lower_bound":9531639095.6,"upper_bound":9576386198.79},"point_estimate":9554271145.1,"standard_error":11463736.10013158},"median":{"confidence_interval":{"confidence_level":0.95,"lower_bound":9516053684.0,"upper_bound":9584559684.5},"point_estimate":9565813870.5,"standard_error":21582586.776614867},"median_abs_dev":{"confidence_interval":{"confidence_level":0.95,"lower_bound":4171444.7685420513,"upper_bound":66031922.72619903},"point_estimate":50469187.927892804,"standard_error":16517082.73582899},"slope":null,"std_dev":{"confidence_interval":{"confidence_level":0.95,"lower_bound":24841044.113694694,"upper_bound":45225243.4513119},"point_estimate":38281426.867980905,"standard_error":5240213.036392216}}