{"mean":{"confidence_interval":{"confidence_level":0.95,"lower_bound":3261138921.0,"upper_bound":3276929412.505},"point_estimate":3269070652.1,"standard_error":4052294.218244233},"median":{"confidence_interval":{"confidence_level":0.95,"lower_bound":3256536962.0,"upper_bound":3279488377.0},"point_estimate":3269939519.5,"standard_error":5958398.961554417},"median_abs_dev":{"confidence_interval":{"confidence_level":0.95,"lower_bound":3007851.3833999634,"upper_bound":23461983.721366525},"point_estimate":15290825.963133574,"standard_error":4931531.279895174},"slope":null,"std_dev":{"confidence_interval":{"confidence_level":0.95,"lower_bound":7885979.890857201,"upper_bound":16941485.507484164},"point_estimate":13492356.764727242,"standard_error":2318432.6298522865}}