{"mean":{"confidence_interval":{"confidence_level":0.95,"lower_bound":2506473225.6,"upper_bound":2507008581.46},"point_estimate":2506723600.4,"standard_error":137780.70774486588},"median":{"confidence_interval":{"confidence_level":0.95,"lower_bound":2506433047.5,"upper_bound":2507096023.5},"point_estimate":2506577522.0,"standard_error":163295.93594362325},"median_abs_dev":{"confidence_interval":{"confidence_level":0.95,"lower_bound":49747.15951681137,"upper_bound":736996.7404156923},"point_estimate":367819.7100698948,"standard_error":182048.33322126366},"slope":null,"std_dev":{"confidence_interval":{"confidence_level":0.95,"lower_bound":191838.81284560513,"upper_bound":593719.4484677459},"point_estimate":460610.6746621392,"standard_error":102295.2369254208}}