{"mean":{"confidence_interval":{"confidence_level":0.95,"lower_bound":80373.97548772716,"upper_bound":80574.5331200572},"point_estimate":80462.06309565876,"standard_error":51.88964338110774},"median":{"confidence_interval":{"confidence_level":0.95,"lower_bound":80340.89266784453,"upper_bound":80537.74855712603},"point_estimate":80404.74697122665,"standard_error":50.98335374431255},"median_abs_dev":{"confidence_interval":{"confidence_level":0.95,"lower_bound":24.409856015393256,"upper_bound":224.1809689616974},"point_estimate":97.99346871078023,"standard_error":54.35517358989549},"slope":{"confidence_interval":{"confidence_level":0.95,"lower_bound":80407.64356956896,"upper_bound":80621.6653747387},"point_estimate":80506.45670689734,"standard_error":54.154107122043314},"std_dev":{"confidence_interval":{"confidence_level":0.95,"lower_bound":55.79680429305957,"upper_bound":244.4901392708227},"point_estimate":173.4969722590998,"standard_error":53.82344333753822}}