{"mean":{"confidence_interval":{"confidence_level":0.95,"lower_bound":655204.5421577381,"upper_bound":671903.9624761904},"point_estimate":664571.0581281178,"standard_error":4328.09875548932},"median":{"confidence_interval":{"confidence_level":0.95,"lower_bound":659345.8404761904,"upper_bound":674883.014484127},"point_estimate":666113.0316326531,"standard_error":4195.239054480571},"median_abs_dev":{"confidence_interval":{"confidence_level":0.95,"lower_bound":1903.460635778232,"upper_bound":18774.288605189573},"point_estimate":11366.834984448331,"standard_error":4065.401870186072},"slope":{"confidence_interval":{"confidence_level":0.95,"lower_bound":659365.3271118012,"upper_bound":670927.1921118012},"point_estimate":666466.6894805195,"standard_error":2961.6823161084926},"std_dev":{"confidence_interval":{"confidence_level":0.95,"lower_bound":5466.671224262434,"upper_bound":20673.79799616135},"point_estimate":14437.949907415223,"standard_error":4601.715821809851}}