{"mean":{"confidence_interval":{"confidence_level":0.95,"lower_bound":82952.21831546558,"upper_bound":85804.46067538125},"point_estimate":84344.38533585152,"standard_error":730.4151428002485},"median":{"confidence_interval":{"confidence_level":0.95,"lower_bound":82273.91480986334,"upper_bound":86553.56675579323},"point_estimate":84492.88457120222,"standard_error":1074.0349211585187},"median_abs_dev":{"confidence_interval":{"confidence_level":0.95,"lower_bound":158.25570711315848,"upper_bound":4340.776845989869},"point_estimate":2895.111406379271,"standard_error":1119.943869127694},"slope":{"confidence_interval":{"confidence_level":0.95,"lower_bound":83589.40743504935,"upper_bound":85791.21450970293},"point_estimate":84747.55172118434,"standard_error":550.8291721541116},"std_dev":{"confidence_interval":{"confidence_level":0.95,"lower_bound":1359.8755078109855,"upper_bound":3001.3078760971925},"point_estimate":2427.5324359957067,"standard_error":418.96672042199225}}