{"mean":{"confidence_interval":{"confidence_level":0.95,"lower_bound":293720407.75,"upper_bound":294358394.5475},"point_estimate":293956720.05,"standard_error":182927.66115872856},"median":{"confidence_interval":{"confidence_level":0.95,"lower_bound":293697987.5,"upper_bound":293902039.75},"point_estimate":293749062.75,"standard_error":66319.78992246951},"median_abs_dev":{"confidence_interval":{"confidence_level":0.95,"lower_bound":19348.300306499004,"upper_bound":257381.94998055696},"point_estimate":92736.99900358915,"standard_error":77313.51826456355},"slope":null,"std_dev":{"confidence_interval":{"confidence_level":0.95,"lower_bound":49342.66193478424,"upper_bound":932003.1593362322},"point_estimate":607684.7055835256,"standard_error":301025.7670493822}}