Datová sada,Počet instancí,Průměr,$\sigma$,Minimum,25%,50%,75%,Maximum
`20-78-M1`,991,0.04794064724878198,0.38001553921068126,0.0,0.0,0.0,0.0,**5.27**1464646464652
`20-78-N1`,991,0.03878065504936939,0.32150326877747154,0.0,0.0,0.0,0.0,**5.95**4101915431876
`20-78-Q1`,991,2.2668409812746146,4.0892384369401436,0.0,0.0,0.0,3.4862910473183515,**27.4**405303522683
`20-78-R1`,991,2.4048699051652433,4.135559708731199,0.0,0.0,0.0,3.9178582308109497,**25.6**73249551166965
`20-88-A1`,215,12.609598627659539,15.080725443384463,0.0,0.0,6.060606060606055,22.400926402470407,**60.3**448275862069
