{"mean":{"confidence_interval":{"confidence_level":0.95,"lower_bound":218189985.9666667,"upper_bound":219402300.28416663},"point_estimate":218734233.53333336,"standard_error":311826.982986627},"median":{"confidence_interval":{"confidence_level":0.95,"lower_bound":218020273.66666666,"upper_bound":219467093.83333334},"point_estimate":218356161.66666666,"standard_error":320694.8371623037},"median_abs_dev":{"confidence_interval":{"confidence_level":0.95,"lower_bound":128914.04451128875,"upper_bound":1479803.2959282694},"point_estimate":524081.79369568086,"standard_error":329414.99759832805},"slope":null,"std_dev":{"confidence_interval":{"confidence_level":0.95,"lower_bound":291569.3239384462,"upper_bound":1339462.0029521475},"point_estimate":1040559.891177221,"standard_error":274875.6238695024}}