{"mean":{"confidence_interval":{"confidence_level":0.95,"lower_bound":91096.95278181958,"upper_bound":91193.81673712505},"point_estimate":91149.13645751821,"standard_error":24.895496383509546},"median":{"confidence_interval":{"confidence_level":0.95,"lower_bound":91118.65419728345,"upper_bound":91204.63188877756},"point_estimate":91156.52512882909,"standard_error":18.0075437154404},"median_abs_dev":{"confidence_interval":{"confidence_level":0.95,"lower_bound":4.718562942285952,"upper_bound":127.47052314610302},"point_estimate":47.48472912358376,"standard_error":32.78023717891822},"slope":{"confidence_interval":{"confidence_level":0.95,"lower_bound":91131.75702329166,"upper_bound":91206.15658864265},"point_estimate":91163.86402935741,"standard_error":19.054945563209664},"std_dev":{"confidence_interval":{"confidence_level":0.95,"lower_bound":29.348203870693208,"upper_bound":116.3231824988143},"point_estimate":83.1187261499662,"standard_error":23.84930761661375}}