{"mean":{"confidence_interval":{"confidence_level":0.95,"lower_bound":183294.1757497022,"upper_bound":183396.64473263387},"point_estimate":183344.6702277923,"standard_error":26.338198979176195},"median":{"confidence_interval":{"confidence_level":0.95,"lower_bound":183255.21568627452,"upper_bound":183425.10591133003},"point_estimate":183342.73037525354,"standard_error":49.14462801996773},"median_abs_dev":{"confidence_interval":{"confidence_level":0.95,"lower_bound":14.721830130809193,"upper_bound":144.47110570759327},"point_estimate":123.44850135803564,"standard_error":34.684094029859466},"slope":{"confidence_interval":{"confidence_level":0.95,"lower_bound":183272.46145422416,"upper_bound":183362.0150915117},"point_estimate":183319.51416980586,"standard_error":23.086009353787006},"std_dev":{"confidence_interval":{"confidence_level":0.95,"lower_bound":57.0426990070441,"upper_bound":102.03746421379383},"point_estimate":87.94558638811793,"standard_error":11.49433662392056}}