{"mean":{"confidence_interval":{"confidence_level":0.95,"lower_bound":24005.856388181233,"upper_bound":24054.212097599106},"point_estimate":24029.808146114523,"standard_error":12.337394608265654},"median":{"confidence_interval":{"confidence_level":0.95,"lower_bound":24004.622545172264,"upper_bound":24076.078357200757},"point_estimate":24020.25331554535,"standard_error":16.432808517126137},"median_abs_dev":{"confidence_interval":{"confidence_level":0.95,"lower_bound":6.208843622319783,"upper_bound":80.30940306692536},"point_estimate":27.85165658470256,"standard_error":19.803050967123283},"slope":{"confidence_interval":{"confidence_level":0.95,"lower_bound":23982.750757453257,"upper_bound":24030.153306209948},"point_estimate":24004.403173589446,"standard_error":12.729200445086665},"std_dev":{"confidence_interval":{"confidence_level":0.95,"lower_bound":22.327801050180017,"upper_bound":51.59444283632876},"point_estimate":40.90089175231674,"standard_error":7.3622419876016405}}