{"mean":{"confidence_interval":{"confidence_level":0.95,"lower_bound":5095032825.7,"upper_bound":5117713772.425},"point_estimate":5106096486.2,"standard_error":5815943.410346079},"median":{"confidence_interval":{"confidence_level":0.95,"lower_bound":5092445564.0,"upper_bound":5119582591.0},"point_estimate":5101857739.5,"standard_error":6710108.131788505},"median_abs_dev":{"confidence_interval":{"confidence_level":0.95,"lower_bound":2522319.90711987,"upper_bound":31963168.23374033},"point_estimate":20104758.39546919,"standard_error":8064570.697104619},"slope":null,"std_dev":{"confidence_interval":{"confidence_level":0.95,"lower_bound":9919945.726605186,"upper_bound":25392208.542738553},"point_estimate":19417645.54950453,"standard_error":3981800.9880531672}}