{"mean":{"confidence_interval":{"confidence_level":0.95,"lower_bound":5360802266.0275,"upper_bound":5443065573.11},"point_estimate":5400547368.5,"standard_error":21034570.789340787},"median":{"confidence_interval":{"confidence_level":0.95,"lower_bound":5348601724.0,"upper_bound":5445735739.0},"point_estimate":5388677679.0,"standard_error":26953326.345778488},"median_abs_dev":{"confidence_interval":{"confidence_level":0.95,"lower_bound":5845541.802620888,"upper_bound":117575971.17210925},"point_estimate":81465772.88489342,"standard_error":29647282.269268945},"slope":null,"std_dev":{"confidence_interval":{"confidence_level":0.95,"lower_bound":35888559.76145603,"upper_bound":91904583.66045535},"point_estimate":69930100.23486038,"standard_error":14592846.867209133}}