{"mean":{"confidence_interval":{"confidence_level":0.95,"lower_bound":992050948.0,"upper_bound":1018881872.3100001},"point_estimate":1005631813.0,"standard_error":6883801.810255065},"median":{"confidence_interval":{"confidence_level":0.95,"lower_bound":982527533.0,"upper_bound":1021793733.0},"point_estimate":1008023866.5,"standard_error":9730342.761639515},"median_abs_dev":{"confidence_interval":{"confidence_level":0.95,"lower_bound":5948967.235484719,"upper_bound":39835092.097985744},"point_estimate":22799175.542333722,"standard_error":9062004.087618569},"slope":null,"std_dev":{"confidence_interval":{"confidence_level":0.95,"lower_bound":12831059.348853732,"upper_bound":28988076.08193663},"point_estimate":22942849.02328594,"standard_error":4081013.279513796}}