{"mean":{"confidence_interval":{"confidence_level":0.95,"lower_bound":226183321.49333337,"upper_bound":230839015.315},"point_estimate":228544274.23333335,"standard_error":1194078.5779713618},"median":{"confidence_interval":{"confidence_level":0.95,"lower_bound":224983808.5,"upper_bound":231175893.3333333},"point_estimate":228933514.3333333,"standard_error":1424482.4040859386},"median_abs_dev":{"confidence_interval":{"confidence_level":0.95,"lower_bound":1130288.259333372,"upper_bound":6755999.033457041},"point_estimate":3080588.479408622,"standard_error":1601027.6033531632},"slope":null,"std_dev":{"confidence_interval":{"confidence_level":0.95,"lower_bound":2028982.8569851497,"upper_bound":5110175.559441577},"point_estimate":3985022.030777949,"standard_error":773899.3495490297}}