{"mean":{"confidence_interval":{"confidence_level":0.95,"lower_bound":209905472.73333335,"upper_bound":214980301.9475},"point_estimate":212467794.5,"standard_error":1301074.7805675676},"median":{"confidence_interval":{"confidence_level":0.95,"lower_bound":208916319.66666666,"upper_bound":216844983.5},"point_estimate":211811987.3333333,"standard_error":2269408.222644774},"median_abs_dev":{"confidence_interval":{"confidence_level":0.95,"lower_bound":904835.7059359256,"upper_bound":7809073.486161188},"point_estimate":5732852.590921506,"standard_error":1799507.1651061608},"slope":null,"std_dev":{"confidence_interval":{"confidence_level":0.95,"lower_bound":2758090.945675434,"upper_bound":5249016.953930685},"point_estimate":4341650.879430446,"standard_error":648943.1402510224}}