{"mean":{"confidence_interval":{"confidence_level":0.95,"lower_bound":188859845.35,"upper_bound":193402103.83916664},"point_estimate":191127897.23333332,"standard_error":1159468.5644430125},"median":{"confidence_interval":{"confidence_level":0.95,"lower_bound":188179765.8333333,"upper_bound":194332427.66666666},"point_estimate":190945626.1666667,"standard_error":1600984.509264163},"median_abs_dev":{"confidence_interval":{"confidence_level":0.95,"lower_bound":363438.3800476937,"upper_bound":6824449.191641808},"point_estimate":3798978.590154648,"standard_error":1513178.6549823456},"slope":null,"std_dev":{"confidence_interval":{"confidence_level":0.95,"lower_bound":2129505.410821142,"upper_bound":4919580.99018015},"point_estimate":3853266.384770952,"standard_error":711657.683816501}}