{"mean":{"confidence_interval":{"confidence_level":0.95,"lower_bound":623342467.7,"upper_bound":636525623.8},"point_estimate":629949583.7,"standard_error":3358040.1024812725},"median":{"confidence_interval":{"confidence_level":0.95,"lower_bound":620963273.0,"upper_bound":635147649.0},"point_estimate":632577595.5,"standard_error":3406301.393162135},"median_abs_dev":{"confidence_interval":{"confidence_level":0.95,"lower_bound":742397.1108198166,"upper_bound":19773037.770858407},"point_estimate":6249346.437951922,"standard_error":5314884.392921399},"slope":null,"std_dev":{"confidence_interval":{"confidence_level":0.95,"lower_bound":4772738.146386157,"upper_bound":14918578.945218086},"point_estimate":11167488.212836204,"standard_error":2467165.683117959}}