{"mean":{"confidence_interval":{"confidence_level":0.95,"lower_bound":188317871.99999997,"upper_bound":194082066.86666667},"point_estimate":191167696.10000002,"standard_error":1473128.9046946396},"median":{"confidence_interval":{"confidence_level":0.95,"lower_bound":188538965.3333333,"upper_bound":195348284.0},"point_estimate":190372582.66666666,"standard_error":1532140.708885822},"median_abs_dev":{"confidence_interval":{"confidence_level":0.95,"lower_bound":365559.7335100248,"upper_bound":8918433.858466163},"point_estimate":3551742.442443945,"standard_error":2355837.4905248475},"slope":null,"std_dev":{"confidence_interval":{"confidence_level":0.95,"lower_bound":2434085.4300835193,"upper_bound":6452304.741942166},"point_estimate":4910077.91541922,"standard_error":1028761.865335432}}