{"mean":{"confidence_interval":{"confidence_level":0.95,"lower_bound":176334408.4933333,"upper_bound":183060282.86833334},"point_estimate":179460017.9333333,"standard_error":1723496.55939663},"median":{"confidence_interval":{"confidence_level":0.95,"lower_bound":175217124.5,"upper_bound":181937275.33333334},"point_estimate":179679116.0,"standard_error":1656589.8197730945},"median_abs_dev":{"confidence_interval":{"confidence_level":0.95,"lower_bound":609462.9964798762,"upper_bound":8621371.726340085},"point_estimate":4043202.3418187946,"standard_error":1968777.9898250494},"slope":null,"std_dev":{"confidence_interval":{"confidence_level":0.95,"lower_bound":2320838.489079363,"upper_bound":8005824.049266509},"point_estimate":5736372.472265317,"standard_error":1580596.0648010923}}