{"mean":{"confidence_interval":{"confidence_level":0.95,"lower_bound":953348051.5,"upper_bound":970055733.8599999},"point_estimate":961308930.9,"standard_error":4309013.03495309},"median":{"confidence_interval":{"confidence_level":0.95,"lower_bound":948899592.0,"upper_bound":973429809.5},"point_estimate":956106225.5,"standard_error":6041419.836255553},"median_abs_dev":{"confidence_interval":{"confidence_level":0.95,"lower_bound":675482.9262077808,"upper_bound":23959307.05653727},"point_estimate":14986123.499143124,"standard_error":5779760.133981478},"slope":null,"std_dev":{"confidence_interval":{"confidence_level":0.95,"lower_bound":7348771.136009585,"upper_bound":18150851.664422814},"point_estimate":14403449.946929956,"standard_error":2777858.0267171613}}