{"mean":{"confidence_interval":{"confidence_level":0.95,"lower_bound":928502293.8,"upper_bound":936494960.315},"point_estimate":932436281.0,"standard_error":2044553.9847399923},"median":{"confidence_interval":{"confidence_level":0.95,"lower_bound":926528212.0,"upper_bound":940399439.0},"point_estimate":930726017.0,"standard_error":3809325.732933876},"median_abs_dev":{"confidence_interval":{"confidence_level":0.95,"lower_bound":1106946.2053477764,"upper_bound":10686644.362074137},"point_estimate":7818532.473993301,"standard_error":2722006.336296837},"slope":null,"std_dev":{"confidence_interval":{"confidence_level":0.95,"lower_bound":4377662.001675604,"upper_bound":7900101.022255867},"point_estimate":6817522.857301192,"standard_error":907985.2302786103}}