{"mean":{"confidence_interval":{"confidence_level":0.95,"lower_bound":415524413.74375,"upper_bound":415599229.64125},"point_estimate":415554585.5,"standard_error":20149.06549171018},"median":{"confidence_interval":{"confidence_level":0.95,"lower_bound":415521794.0,"upper_bound":415565352.75},"point_estimate":415533358.5,"standard_error":10903.64832223126},"median_abs_dev":{"confidence_interval":{"confidence_level":0.95,"lower_bound":2409.5956072211266,"upper_bound":56635.689644515514},"point_estimate":17738.938035070896,"standard_error":14320.301226346648},"slope":null,"std_dev":{"confidence_interval":{"confidence_level":0.95,"lower_bound":10427.403294183228,"upper_bound":99963.45631933372},"point_estimate":66899.06188928711,"standard_error":27434.53555072754}}