{"mean":{"confidence_interval":{"confidence_level":0.95,"lower_bound":163467.00628098234,"upper_bound":163553.85177989036},"point_estimate":163507.7251174774,"standard_error":22.358056879598884},"median":{"confidence_interval":{"confidence_level":0.95,"lower_bound":163455.30974220624,"upper_bound":163560.68817446043},"point_estimate":163487.22141572455,"standard_error":25.935413976128853},"median_abs_dev":{"confidence_interval":{"confidence_level":0.95,"lower_bound":8.762805815646875,"upper_bound":121.28891433351643},"point_estimate":65.10861614023291,"standard_error":30.75773483571783},"slope":{"confidence_interval":{"confidence_level":0.95,"lower_bound":163457.36589434897,"upper_bound":163498.6780911092},"point_estimate":163476.40349901895,"standard_error":10.44056610142957},"std_dev":{"confidence_interval":{"confidence_level":0.95,"lower_bound":31.28191555929598,"upper_bound":93.02131895955588},"point_estimate":74.42899088528985,"standard_error":15.1488096131653}}