{"mean":{"confidence_interval":{"confidence_level":0.95,"lower_bound":1717092482.2099998,"upper_bound":1717619435.995},"point_estimate":1717379493.2,"standard_error":134676.2811763386},"median":{"confidence_interval":{"confidence_level":0.95,"lower_bound":1717236744.0,"upper_bound":1717636348.0},"point_estimate":1717398697.0,"standard_error":112920.03121314796},"median_abs_dev":{"confidence_interval":{"confidence_level":0.95,"lower_bound":65112.825644016266,"upper_bound":613877.1908015013},"point_estimate":271837.6703739166,"standard_error":135183.7701371447},"slope":null,"std_dev":{"confidence_interval":{"confidence_level":0.95,"lower_bound":148824.53901711086,"upper_bound":643252.0934883882},"point_estimate":448441.8664642671,"standard_error":138632.52283269106}}