{"mean":{"confidence_interval":{"confidence_level":0.95,"lower_bound":767466865.3425,"upper_bound":798991016.9},"point_estimate":781171470.3,"standard_error":8189346.7679369515},"median":{"confidence_interval":{"confidence_level":0.95,"lower_bound":760227332.0,"upper_bound":790041694.5},"point_estimate":776417020.5,"standard_error":8669609.018402776},"median_abs_dev":{"confidence_interval":{"confidence_level":0.95,"lower_bound":2142443.694064021,"upper_bound":36398045.813405514},"point_estimate":22272701.326480508,"standard_error":8605964.908885691},"slope":null,"std_dev":{"confidence_interval":{"confidence_level":0.95,"lower_bound":10171578.155013422,"upper_bound":39558036.55227021},"point_estimate":27372660.96184526,"standard_error":9007073.74020406}}