{"mean":{"confidence_interval":{"confidence_level":0.95,"lower_bound":597910007.5550001,"upper_bound":598396141.4925001},"point_estimate":598090675.9,"standard_error":138905.35849265096},"median":{"confidence_interval":{"confidence_level":0.95,"lower_bound":597876885.5,"upper_bound":598068238.0},"point_estimate":597944945.0,"standard_error":56574.33343074633},"median_abs_dev":{"confidence_interval":{"confidence_level":0.95,"lower_bound":15553.956323862076,"upper_bound":215795.39136886597},"point_estimate":104389.1228467226,"standard_error":60528.28849278851},"slope":null,"std_dev":{"confidence_interval":{"confidence_level":0.95,"lower_bound":48363.05205306816,"upper_bound":710290.3542916941},"point_estimate":462814.1819102037,"standard_error":229119.2154749185}}