{"mean":{"confidence_interval":{"confidence_level":0.95,"lower_bound":1272003995.8,"upper_bound":1272560152.2024999},"point_estimate":1272272861.0,"standard_error":142641.17876583146},"median":{"confidence_interval":{"confidence_level":0.95,"lower_bound":1271842619.0,"upper_bound":1272746645.5},"point_estimate":1272115174.5,"standard_error":283798.36836155417},"median_abs_dev":{"confidence_interval":{"confidence_level":0.95,"lower_bound":48780.50433397293,"upper_bound":786153.0838429928},"point_estimate":465893.69832873344,"standard_error":215872.51945727287},"slope":null,"std_dev":{"confidence_interval":{"confidence_level":0.95,"lower_bound":296043.21047533664,"upper_bound":551133.9130193554},"point_estimate":475856.3219992634,"standard_error":64258.15537380479}}