{"mean":{"confidence_interval":{"confidence_level":0.95,"lower_bound":1436507894.6,"upper_bound":1459839425.8},"point_estimate":1448191512.2,"standard_error":6004861.9243455455},"median":{"confidence_interval":{"confidence_level":0.95,"lower_bound":1426833905.0,"upper_bound":1467460814.0},"point_estimate":1448948257.5,"standard_error":11303277.55324509},"median_abs_dev":{"confidence_interval":{"confidence_level":0.95,"lower_bound":3765522.9804486036,"upper_bound":32431400.73352754},"point_estimate":29078056.11306131,"standard_error":8182299.624054354},"slope":null,"std_dev":{"confidence_interval":{"confidence_level":0.95,"lower_bound":13318519.646269836,"upper_bound":23135243.108034685},"point_estimate":20033419.345635273,"standard_error":2540357.151164642}}