{"mean":{"confidence_interval":{"confidence_level":0.95,"lower_bound":43532.90516262703,"upper_bound":44602.47016955315},"point_estimate":44091.921728148554,"standard_error":274.32665565262494},"median":{"confidence_interval":{"confidence_level":0.95,"lower_bound":43661.94214876033,"upper_bound":44907.232918084585},"point_estimate":43892.63596931886,"standard_error":406.7233965288994},"median_abs_dev":{"confidence_interval":{"confidence_level":0.95,"lower_bound":100.61935546329194,"upper_bound":1778.3504146992304},"point_estimate":864.8199380311601,"standard_error":444.838668813768},"slope":{"confidence_interval":{"confidence_level":0.95,"lower_bound":43948.24171254385,"upper_bound":44900.37627333635},"point_estimate":44492.74401378883,"standard_error":248.0295551030918},"std_dev":{"confidence_interval":{"confidence_level":0.95,"lower_bound":506.85420582638,"upper_bound":1212.2753741882864},"point_estimate":912.8732812001639,"standard_error":200.4093990934728}}