{"mean":{"confidence_interval":{"confidence_level":0.95,"lower_bound":9754810.388697023,"upper_bound":9756540.61795238},"point_estimate":9755616.520869048,"standard_error":444.7039877729662},"median":{"confidence_interval":{"confidence_level":0.95,"lower_bound":9754479.4,"upper_bound":9756528.1875},"point_estimate":9755235.8125,"standard_error":489.488432180622},"median_abs_dev":{"confidence_interval":{"confidence_level":0.95,"lower_bound":255.73737595931215,"upper_bound":2348.3716413081797},"point_estimate":1155.0804019934603,"standard_error":571.0128836699006},"slope":{"confidence_interval":{"confidence_level":0.95,"lower_bound":9754955.107908163,"upper_bound":9757414.813909775},"point_estimate":9756066.424675325,"standard_error":658.8500218583796},"std_dev":{"confidence_interval":{"confidence_level":0.95,"lower_bound":596.8539686431945,"upper_bound":1949.6792800341996},"point_estimate":1485.6764346105297,"standard_error":346.02230944052656}}