{"mean":{"confidence_interval":{"confidence_level":0.95,"lower_bound":232840884.9883333,"upper_bound":232940007.16666666},"point_estimate":232890242.4333333,"standard_error":25491.9516627338},"median":{"confidence_interval":{"confidence_level":0.95,"lower_bound":232815833.1666667,"upper_bound":232975746.66666666},"point_estimate":232878467.5,"standard_error":45437.578555851374},"median_abs_dev":{"confidence_interval":{"confidence_level":0.95,"lower_bound":19174.959659591143,"upper_bound":139358.22002588966},"point_estimate":126558.19315313557,"standard_error":35179.36769654151},"slope":null,"std_dev":{"confidence_interval":{"confidence_level":0.95,"lower_bound":55537.7024610165,"upper_bound":99265.4772735704},"point_estimate":84876.62808591731,"standard_error":11315.457590540607}}