{"mean":{"confidence_interval":{"confidence_level":0.95,"lower_bound":138180961.02000004,"upper_bound":138196586.5872381},"point_estimate":138187817.8759524,"standard_error":4031.7050200560398},"median":{"confidence_interval":{"confidence_level":0.95,"lower_bound":138178161.0,"upper_bound":138193477.83333334},"point_estimate":138183846.1,"standard_error":3806.6794579797356},"median_abs_dev":{"confidence_interval":{"confidence_level":0.95,"lower_bound":719.0609872341156,"upper_bound":17860.0982229224},"point_estimate":8836.44410311292,"standard_error":4485.340476163292},"slope":{"confidence_interval":{"confidence_level":0.95,"lower_bound":138182072.97090232,"upper_bound":138194617.4714829},"point_estimate":138186852.0233766,"standard_error":3207.8441806986393},"std_dev":{"confidence_interval":{"confidence_level":0.95,"lower_bound":3455.149073225302,"upper_bound":18815.396925813562},"point_estimate":13422.146235947914,"standard_error":4136.002672423883}}