{"mean":{"confidence_interval":{"confidence_level":0.95,"lower_bound":443265.92411036824,"upper_bound":457436.5129613242},"point_estimate":449117.04899816244,"standard_error":3743.1688361470374},"median":{"confidence_interval":{"confidence_level":0.95,"lower_bound":441840.3407224959,"upper_bound":450762.91945812805},"point_estimate":446550.99846059113,"standard_error":2175.1071197192587},"median_abs_dev":{"confidence_interval":{"confidence_level":0.95,"lower_bound":1354.0676331033292,"upper_bound":11692.36158207425},"point_estimate":4269.99231133535,"standard_error":2796.7115822849605},"slope":{"confidence_interval":{"confidence_level":0.95,"lower_bound":443953.80493341625,"upper_bound":467324.6572145096},"point_estimate":453171.39732582687,"standard_error":6735.68023759112},"std_dev":{"confidence_interval":{"confidence_level":0.95,"lower_bound":3112.9097524254694,"upper_bound":18623.66832632115},"point_estimate":12451.999161956874,"standard_error":4947.471056128595}}