{"mean":{"confidence_interval":{"confidence_level":0.95,"lower_bound":281632091.27625,"upper_bound":286919118.96125},"point_estimate":284247701.2,"standard_error":1358450.0775145567},"median":{"confidence_interval":{"confidence_level":0.95,"lower_bound":279993327.5,"upper_bound":288157109.0},"point_estimate":284244056.0,"standard_error":2540035.5586119723},"median_abs_dev":{"confidence_interval":{"confidence_level":0.95,"lower_bound":883188.881470263,"upper_bound":7602150.343684852},"point_estimate":5689114.90329802,"standard_error":1723534.8985643974},"slope":null,"std_dev":{"confidence_interval":{"confidence_level":0.95,"lower_bound":2991969.925699159,"upper_bound":5333752.428044955},"point_estimate":4552174.353780609,"standard_error":601801.5685072158}}