{"mean":{"confidence_interval":{"confidence_level":0.95,"lower_bound":2194295997.6725,"upper_bound":2234726579.0},"point_estimate":2215110044.3,"standard_error":10379597.366188928},"median":{"confidence_interval":{"confidence_level":0.95,"lower_bound":2178323427.0,"upper_bound":2245712156.5},"point_estimate":2223457780.5,"standard_error":18703467.098419636},"median_abs_dev":{"confidence_interval":{"confidence_level":0.95,"lower_bound":6957228.621384501,"upper_bound":56856379.09839749},"point_estimate":39522069.28294301,"standard_error":13469360.451296762},"slope":null,"std_dev":{"confidence_interval":{"confidence_level":0.95,"lower_bound":21782359.499252263,"upper_bound":40165467.57890572},"point_estimate":34722966.1938665,"standard_error":4749773.244575967}}