{"mean":{"confidence_interval":{"confidence_level":0.95,"lower_bound":2011727306.2,"upper_bound":2014100247.0},"point_estimate":2012868441.2,"standard_error":609858.0177355917},"median":{"confidence_interval":{"confidence_level":0.95,"lower_bound":2011131181.0,"upper_bound":2014808707.0},"point_estimate":2012039223.5,"standard_error":997676.8620007164},"median_abs_dev":{"confidence_interval":{"confidence_level":0.95,"lower_bound":236124.80220794678,"upper_bound":3397611.3491803408},"point_estimate":1966487.9878878593,"standard_error":805601.2056873826},"slope":null,"std_dev":{"confidence_interval":{"confidence_level":0.95,"lower_bound":1121759.779570287,"upper_bound":2436827.8763301326},"point_estimate":2034968.0859328702,"standard_error":327142.63758454646}}