{"mean":{"confidence_interval":{"confidence_level":0.95,"lower_bound":2606201716.63,"upper_bound":2614104943.1974998},"point_estimate":2610037524.0,"standard_error":2029764.4205463391},"median":{"confidence_interval":{"confidence_level":0.95,"lower_bound":2604812170.0,"upper_bound":2616736827.0},"point_estimate":2609106886.5,"standard_error":2884955.0758453},"median_abs_dev":{"confidence_interval":{"confidence_level":0.95,"lower_bound":1178370.4590797424,"upper_bound":11523459.3696177},"point_estimate":6588454.116931558,"standard_error":2736353.8241417855},"slope":null,"std_dev":{"confidence_interval":{"confidence_level":0.95,"lower_bound":3664440.9722288265,"upper_bound":8316638.759260985},"point_estimate":6744043.689229218,"standard_error":1153029.0189120627}}