{"mean":{"confidence_interval":{"confidence_level":0.95,"lower_bound":2860022314.755,"upper_bound":3057474091.7},"point_estimate":2948466203.9,"standard_error":50342496.95450316},"median":{"confidence_interval":{"confidence_level":0.95,"lower_bound":2849772429.0,"upper_bound":3064397060.5},"point_estimate":2867203727.0,"standard_error":52805056.80807463},"median_abs_dev":{"confidence_interval":{"confidence_level":0.95,"lower_bound":5479576.825118065,"upper_bound":223877912.62897253},"point_estimate":31737721.116542816,"standard_error":53494309.84756056},"slope":null,"std_dev":{"confidence_interval":{"confidence_level":0.95,"lower_bound":26340094.757740323,"upper_bound":209149854.8554394},"point_estimate":167800613.11252034,"standard_error":45553133.16863974}}