{"mean":{"confidence_interval":{"confidence_level":0.95,"lower_bound":205592.7020747912,"upper_bound":209646.2906632498},"point_estimate":207574.11595699095,"standard_error":1038.1149578809996},"median":{"confidence_interval":{"confidence_level":0.95,"lower_bound":205107.9984813971,"upper_bound":209902.53454821566},"point_estimate":207250.5837617963,"standard_error":1235.8394088168404},"median_abs_dev":{"confidence_interval":{"confidence_level":0.95,"lower_bound":854.6474807267231,"upper_bound":5742.603898048415},"point_estimate":3211.78412876533,"standard_error":1295.8062049120358},"slope":{"confidence_interval":{"confidence_level":0.95,"lower_bound":205332.34704515722,"upper_bound":209795.73427268738},"point_estimate":207175.4619234979,"standard_error":1143.2097666566694},"std_dev":{"confidence_interval":{"confidence_level":0.95,"lower_bound":1839.6576606732176,"upper_bound":4467.563459613773},"point_estimate":3454.809195185084,"standard_error":675.2464433472163}}