{"mean":{"confidence_interval":{"confidence_level":0.95,"lower_bound":402254891.15,"upper_bound":402836176.96500003},"point_estimate":402492399.05,"standard_error":154189.25834032538},"median":{"confidence_interval":{"confidence_level":0.95,"lower_bound":402127658.0,"upper_bound":402524344.75},"point_estimate":402457354.75,"standard_error":115223.77115027342},"median_abs_dev":{"confidence_interval":{"confidence_level":0.95,"lower_bound":14917.550285160542,"upper_bound":532178.5192519426},"point_estimate":220841.04972928762,"standard_error":130496.37928000423},"slope":null,"std_dev":{"confidence_interval":{"confidence_level":0.95,"lower_bound":142597.23762709356,"upper_bound":774543.7843836137},"point_estimate":515027.4077603083,"standard_error":207535.93172999096}}