{"mean":{"confidence_interval":{"confidence_level":0.95,"lower_bound":401823646.95,"upper_bound":401964292.48875},"point_estimate":401888087.4,"standard_error":36047.04558828952},"median":{"confidence_interval":{"confidence_level":0.95,"lower_bound":401795960.0,"upper_bound":401955836.75},"point_estimate":401867544.0,"standard_error":43671.200341792945},"median_abs_dev":{"confidence_interval":{"confidence_level":0.95,"lower_bound":30146.817214787006,"upper_bound":192739.47917819023},"point_estimate":102918.38367283344,"standard_error":39937.71717772938},"slope":null,"std_dev":{"confidence_interval":{"confidence_level":0.95,"lower_bound":56246.060396953835,"upper_bound":162689.1779128822},"point_estimate":119920.3334435454,"standard_error":30218.196838696887}}