{"mean":{"confidence_interval":{"confidence_level":0.95,"lower_bound":500284910.5675,"upper_bound":509161752.71500003},"point_estimate":504567260.7,"standard_error":2274024.3727624128},"median":{"confidence_interval":{"confidence_level":0.95,"lower_bound":499533500.0,"upper_bound":512217268.0},"point_estimate":502020950.0,"standard_error":3338221.161028729},"median_abs_dev":{"confidence_interval":{"confidence_level":0.95,"lower_bound":298448.8573014736,"upper_bound":12323511.82821393},"point_estimate":4235811.10509932,"standard_error":3306953.3885941557},"slope":null,"std_dev":{"confidence_interval":{"confidence_level":0.95,"lower_bound":3796432.7267738488,"upper_bound":9272078.854458934},"point_estimate":7547708.018662429,"standard_error":1341601.9679876815}}