{"mean":{"confidence_interval":{"confidence_level":0.95,"lower_bound":1919446656.3,"upper_bound":1919704061.09},"point_estimate":1919565990.2,"standard_error":66086.33700309476},"median":{"confidence_interval":{"confidence_level":0.95,"lower_bound":1919357166.0,"upper_bound":1919683579.5},"point_estimate":1919541573.0,"standard_error":73952.2510098792},"median_abs_dev":{"confidence_interval":{"confidence_level":0.95,"lower_bound":24400.630366802216,"upper_bound":349010.7055038214},"point_estimate":208240.06190299988,"standard_error":87316.71722945463},"slope":null,"std_dev":{"confidence_interval":{"confidence_level":0.95,"lower_bound":101573.1608674591,"upper_bound":298015.0075740221},"point_estimate":221275.27569462734,"standard_error":54678.86644867987}}