{"mean":{"confidence_interval":{"confidence_level":0.95,"lower_bound":1949628222.3425,"upper_bound":1950352436.7325},"point_estimate":1949974097.0,"standard_error":186051.85409716817},"median":{"confidence_interval":{"confidence_level":0.95,"lower_bound":1949473051.5,"upper_bound":1950556742.0},"point_estimate":1949774654.5,"standard_error":266050.9087826985},"median_abs_dev":{"confidence_interval":{"confidence_level":0.95,"lower_bound":87373.32294881344,"upper_bound":1018182.2036236525},"point_estimate":597935.5345845222,"standard_error":239044.37256712175},"slope":null,"std_dev":{"confidence_interval":{"confidence_level":0.95,"lower_bound":317162.22944891907,"upper_bound":776631.8915087938},"point_estimate":622205.7100204079,"standard_error":115481.14904832125}}