{"mean":{"confidence_interval":{"confidence_level":0.95,"lower_bound":2043556438.6,"upper_bound":2081820210.0},"point_estimate":2062995782.6,"standard_error":9784144.631432753},"median":{"confidence_interval":{"confidence_level":0.95,"lower_bound":2040758546.5,"upper_bound":2094645582.0},"point_estimate":2058322145.5,"standard_error":12111273.172628194},"median_abs_dev":{"confidence_interval":{"confidence_level":0.95,"lower_bound":2967941.2747085094,"upper_bound":60034937.04276681},"point_estimate":32170571.367958188,"standard_error":15274422.100067554},"slope":null,"std_dev":{"confidence_interval":{"confidence_level":0.95,"lower_bound":18179557.13500895,"upper_bound":41780408.05339307},"point_estimate":32633967.396313485,"standard_error":6172292.84192597}}