{"mean":{"confidence_interval":{"confidence_level":0.95,"lower_bound":1488516349.5,"upper_bound":1596700904.8075},"point_estimate":1545586587.3,"standard_error":27731266.427933555},"median":{"confidence_interval":{"confidence_level":0.95,"lower_bound":1426018726.0,"upper_bound":1615728646.0},"point_estimate":1615361224.0,"standard_error":60283175.220169075},"median_abs_dev":{"confidence_interval":{"confidence_level":0.95,"lower_bound":145043.4967249632,"upper_bound":140988691.06155038},"point_estimate":935659.9477887154,"standard_error":45658108.87392142},"slope":null,"std_dev":{"confidence_interval":{"confidence_level":0.95,"lower_bound":59921774.61671107,"upper_bound":100267961.65226845},"point_estimate":92131241.97231941,"standard_error":12859531.738302933}}