{"mean":{"confidence_interval":{"confidence_level":0.95,"lower_bound":1448162929.95,"upper_bound":1508604079.5},"point_estimate":1473497355.5,"standard_error":15901988.80642136},"median":{"confidence_interval":{"confidence_level":0.95,"lower_bound":1441845334.0,"upper_bound":1483279922.5},"point_estimate":1462898336.0,"standard_error":12257727.1047652},"median_abs_dev":{"confidence_interval":{"confidence_level":0.95,"lower_bound":8652994.595378637,"upper_bound":52196413.190728426},"point_estimate":27590879.353263974,"standard_error":11274342.963448308},"slope":null,"std_dev":{"confidence_interval":{"confidence_level":0.95,"lower_bound":15612864.591405295,"upper_bound":78565801.7430481},"point_estimate":53007372.99272824,"standard_error":20059272.728882726}}