{"mean":{"confidence_interval":{"confidence_level":0.95,"lower_bound":1334295172.4099998,"upper_bound":1334718191.7},"point_estimate":1334505268.0,"standard_error":108443.32246109852},"median":{"confidence_interval":{"confidence_level":0.95,"lower_bound":1334189142.0,"upper_bound":1334774818.0},"point_estimate":1334546815.0,"standard_error":153614.20080733628},"median_abs_dev":{"confidence_interval":{"confidence_level":0.95,"lower_bound":80728.309866786,"upper_bound":628112.3744487762},"point_estimate":451026.18579268456,"standard_error":141425.68433073175},"slope":null,"std_dev":{"confidence_interval":{"confidence_level":0.95,"lower_bound":212624.2077923971,"upper_bound":453677.1207443559},"point_estimate":361720.175577138,"standard_error":62400.65261187069}}