{"mean":{"confidence_interval":{"confidence_level":0.95,"lower_bound":997328594.7,"upper_bound":997604177.025},"point_estimate":997468636.7,"standard_error":70726.48108726526},"median":{"confidence_interval":{"confidence_level":0.95,"lower_bound":997301929.0,"upper_bound":997707633.0},"point_estimate":997420719.0,"standard_error":114179.51363237239},"median_abs_dev":{"confidence_interval":{"confidence_level":0.95,"lower_bound":54617.500430345535,"upper_bound":425363.121548295},"point_estimate":275236.5308135748,"standard_error":100455.0929089238},"slope":null,"std_dev":{"confidence_interval":{"confidence_level":0.95,"lower_bound":145345.7871847952,"upper_bound":294097.88279936096},"point_estimate":236561.5975813347,"standard_error":39161.87222838484}}