{"mean":{"confidence_interval":{"confidence_level":0.95,"lower_bound":179673274.97333336,"upper_bound":189135653.5291667},"point_estimate":183834706.03333333,"standard_error":2440468.4918978456},"median":{"confidence_interval":{"confidence_level":0.95,"lower_bound":177391334.0,"upper_bound":187617937.66666666},"point_estimate":181382864.3333333,"standard_error":2416567.923763812},"median_abs_dev":{"confidence_interval":{"confidence_level":0.95,"lower_bound":779340.7840639426,"upper_bound":10448022.861510538},"point_estimate":6387767.407694466,"standard_error":2553147.8380424553},"slope":null,"std_dev":{"confidence_interval":{"confidence_level":0.95,"lower_bound":3038679.06603423,"upper_bound":11527969.783840895},"point_estimate":8165827.369432062,"standard_error":2487982.9671926517}}