{"mean":{"confidence_interval":{"confidence_level":0.95,"lower_bound":327725006.6125,"upper_bound":340559122.8},"point_estimate":332181308.7,"standard_error":3920442.8396746},"median":{"confidence_interval":{"confidence_level":0.95,"lower_bound":327627361.5,"upper_bound":329130319.0},"point_estimate":327907685.5,"standard_error":986171.1802921005},"median_abs_dev":{"confidence_interval":{"confidence_level":0.95,"lower_bound":46182.98918008804,"upper_bound":1773684.015610814},"point_estimate":298487.40490078926,"standard_error":1163059.5819426056},"slope":null,"std_dev":{"confidence_interval":{"confidence_level":0.95,"lower_bound":179272.9749405513,"upper_bound":20089828.166019563},"point_estimate":13089048.84533827,"standard_error":7198079.62319312}}