{"mean":{"confidence_interval":{"confidence_level":0.95,"lower_bound":1558978799.62,"upper_bound":1559628327.8975},"point_estimate":1559313580.6,"standard_error":167255.73040774217},"median":{"confidence_interval":{"confidence_level":0.95,"lower_bound":1558805193.0,"upper_bound":1559838812.0},"point_estimate":1559333007.5,"standard_error":259986.31328629146},"median_abs_dev":{"confidence_interval":{"confidence_level":0.95,"lower_bound":91624.67837333679,"upper_bound":945173.7918198109},"point_estimate":702623.4013259411,"standard_error":216109.58545130646},"slope":null,"std_dev":{"confidence_interval":{"confidence_level":0.95,"lower_bound":316334.6008908394,"upper_bound":689067.938974497},"point_estimate":556443.079065635,"standard_error":95217.44314471552}}