{"mean":{"confidence_interval":{"confidence_level":0.95,"lower_bound":1797452976.9,"upper_bound":1873406329.8},"point_estimate":1835006033.0,"standard_error":19469058.06712714},"median":{"confidence_interval":{"confidence_level":0.95,"lower_bound":1775829670.0,"upper_bound":1902962837.0},"point_estimate":1821535712.5,"standard_error":42551004.71261469},"median_abs_dev":{"confidence_interval":{"confidence_level":0.95,"lower_bound":5952000.635030866,"upper_bound":98312528.95770371},"point_estimate":88594135.05603969,"standard_error":27995879.32533043},"slope":null,"std_dev":{"confidence_interval":{"confidence_level":0.95,"lower_bound":44228782.596604615,"upper_bound":72353448.88793045},"point_estimate":64891124.15008957,"standard_error":7182682.607293817}}