{"mean":{"confidence_interval":{"confidence_level":0.95,"lower_bound":65169131.20801785,"upper_bound":65189574.05802977},"point_estimate":65178959.809642866,"standard_error":5241.81401862066},"median":{"confidence_interval":{"confidence_level":0.95,"lower_bound":65162374.75,"upper_bound":65190629.20833333},"point_estimate":65180571.38571429,"standard_error":7296.075525303781},"median_abs_dev":{"confidence_interval":{"confidence_level":0.95,"lower_bound":3330.607890867523,"upper_bound":31156.158921874972},"point_estimate":21394.35004517068,"standard_error":7382.0627411961905},"slope":{"confidence_interval":{"confidence_level":0.95,"lower_bound":65165404.25049587,"upper_bound":65183679.85314685},"point_estimate":65174374.70519481,"standard_error":4660.594783561635},"std_dev":{"confidence_interval":{"confidence_level":0.95,"lower_bound":9765.759275211009,"upper_bound":22533.350812867717},"point_estimate":17493.313718033158,"standard_error":3435.3769765724687}}