{"mean":{"confidence_interval":{"confidence_level":0.95,"lower_bound":233400537.9666667,"upper_bound":233494736.76666665},"point_estimate":233446707.2333333,"standard_error":23999.71084179594},"median":{"confidence_interval":{"confidence_level":0.95,"lower_bound":233395108.33333334,"upper_bound":233479710.3333333},"point_estimate":233459539.1666667,"standard_error":23019.21848345281},"median_abs_dev":{"confidence_interval":{"confidence_level":0.95,"lower_bound":6566.188183441585,"upper_bound":134154.04701827484},"point_estimate":47197.0875620842,"standard_error":32685.333955288734},"slope":null,"std_dev":{"confidence_interval":{"confidence_level":0.95,"lower_bound":34453.572660864025,"upper_bound":110115.35730352552},"point_estimate":80033.570635189,"standard_error":19572.285818766446}}