{"mean":{"confidence_interval":{"confidence_level":0.95,"lower_bound":224576.4774021688,"upper_bound":224704.51126771962},"point_estimate":224636.39233075985,"standard_error":32.799035460420185},"median":{"confidence_interval":{"confidence_level":0.95,"lower_bound":224551.748349835,"upper_bound":224717.87546410892},"point_estimate":224604.34443069308,"standard_error":44.45734092232386},"median_abs_dev":{"confidence_interval":{"confidence_level":0.95,"lower_bound":10.275445362116017,"upper_bound":180.0670880160521},"point_estimate":79.75268568808906,"standard_error":43.177967294286894},"slope":{"confidence_interval":{"confidence_level":0.95,"lower_bound":224589.9359583113,"upper_bound":224708.61030832975},"point_estimate":224647.22273370193,"standard_error":29.97958451134262},"std_dev":{"confidence_interval":{"confidence_level":0.95,"lower_bound":45.178031877863454,"upper_bound":136.05145427065878},"point_estimate":109.6130694268791,"standard_error":22.48249113570993}}