{"mean":{"confidence_interval":{"confidence_level":0.95,"lower_bound":430503660.85,"upper_bound":430827966.5},"point_estimate":430654148.85,"standard_error":83102.41185570625},"median":{"confidence_interval":{"confidence_level":0.95,"lower_bound":430420630.75,"upper_bound":430838508.0},"point_estimate":430604931.5,"standard_error":95827.63506562935},"median_abs_dev":{"confidence_interval":{"confidence_level":0.95,"lower_bound":35398.92762154341,"upper_bound":447305.2305087447},"point_estimate":261457.98795819283,"standard_error":106097.93212574758},"slope":null,"std_dev":{"confidence_interval":{"confidence_level":0.95,"lower_bound":124214.67284447346,"upper_bound":367208.57405656466},"point_estimate":277836.2204445124,"standard_error":64324.59660221518}}