{"mean":{"confidence_interval":{"confidence_level":0.95,"lower_bound":487491466.5275,"upper_bound":487648796.97375},"point_estimate":487557637.95,"standard_error":41067.04996734163},"median":{"confidence_interval":{"confidence_level":0.95,"lower_bound":487480061.5,"upper_bound":487574662.75},"point_estimate":487542852.75,"standard_error":23209.225016619086},"median_abs_dev":{"confidence_interval":{"confidence_level":0.95,"lower_bound":6819.959878921509,"upper_bound":141404.8257395625},"point_estimate":54243.51458698511,"standard_error":34309.113138431174},"slope":null,"std_dev":{"confidence_interval":{"confidence_level":0.95,"lower_bound":34488.94161742307,"upper_bound":204289.66261314682},"point_estimate":137449.55397737946,"standard_error":52242.180341799256}}