{"mean":{"confidence_interval":{"confidence_level":0.95,"lower_bound":503201891.4075,"upper_bound":503694243.88750005},"point_estimate":503425087.9,"standard_error":127494.8747143342},"median":{"confidence_interval":{"confidence_level":0.95,"lower_bound":503140140.0,"upper_bound":503684047.0},"point_estimate":503311177.5,"standard_error":113818.71539231914},"median_abs_dev":{"confidence_interval":{"confidence_level":0.95,"lower_bound":5783.622497320175,"upper_bound":602076.4363110065},"point_estimate":255603.20066213608,"standard_error":143463.7078334637},"slope":null,"std_dev":{"confidence_interval":{"confidence_level":0.95,"lower_bound":124262.89004822845,"upper_bound":553622.0897649267},"point_estimate":426236.52348991245,"standard_error":112309.1051753168}}