{"mean":{"confidence_interval":{"confidence_level":0.95,"lower_bound":588068572.0,"upper_bound":609648299.0},"point_estimate":599084613.9,"standard_error":5539067.017828824},"median":{"confidence_interval":{"confidence_level":0.95,"lower_bound":581811794.0,"upper_bound":615280026.0},"point_estimate":600628584.0,"standard_error":7905446.475774989},"median_abs_dev":{"confidence_interval":{"confidence_level":0.95,"lower_bound":6229458.100605011,"upper_bound":32752047.07763493},"point_estimate":17795646.742764115,"standard_error":7176082.637964994},"slope":null,"std_dev":{"confidence_interval":{"confidence_level":0.95,"lower_bound":10623736.200602869,"upper_bound":22661260.37314541},"point_estimate":18463446.719771836,"standard_error":3073922.9985402646}}