{"mean":{"confidence_interval":{"confidence_level":0.95,"lower_bound":409544575.44625,"upper_bound":409660178.65625},"point_estimate":409591178.85,"standard_error":31023.629221037696},"median":{"confidence_interval":{"confidence_level":0.95,"lower_bound":409541960.5,"upper_bound":409604976.5},"point_estimate":409555090.5,"standard_error":17159.39461516554},"median_abs_dev":{"confidence_interval":{"confidence_level":0.95,"lower_bound":5856.269896030426,"upper_bound":87571.25004529953},"point_estimate":24174.90452080965,"standard_error":22701.758331967532},"slope":null,"std_dev":{"confidence_interval":{"confidence_level":0.95,"lower_bound":19056.11713830729,"upper_bound":154856.85282365858},"point_estimate":103476.60668803091,"standard_error":42578.253485474845}}