,count,mean,std,min,25%,50%,75%,max,dataset
error,215.0,23.133954472317683,17.86455178732501,-11.267605633802823,8.333333333333337,21.794871794871796,36.37511137511138,63.63636363636363,dataset_A
