,count,mean,std,min,25%,50%,75%,max,dataset
error,50.0,0.31759168402795934,0.8216151955719299,0.0,0.0,0.0,0.0,3.2474503488996276,default
