,count,mean,std,min,25%,50%,75%,max,dataset
error,50.0,0.48101930125477677,1.0944301850107285,0.0,0.0,0.0,0.0,4.743952246308513,default
