,count,mean,std,min,25%,50%,75%,max,dataset
error,400.0,4.676528114949226,3.129223645594612,0.0,2.6669462705358997,4.501661199201379,6.623568792157003,14.555677026393877,default
