,count,mean,std,min,25%,50%,75%,max,dataset
error,50.0,0.33333055111884513,0.8950891194160968,0.0,0.0,0.0,0.0,3.9833531510107045,default
