,count,mean,std,min,25%,50%,75%,max,dataset
error,350.0,2.3241870886195874,3.0266081304516144,0.0,0.0,0.9232843659073176,4.086159078643467,13.285024154589376,mutation_exploration
