,count,mean,std,min,25%,50%,75%,max,dataset
error,350.0,2.228370368388076,2.933577992952526,0.0,0.0,0.952380952380949,4.076234564071596,19.780914261638927,mutation_exploration
