,count,mean,std,min,25%,50%,75%,max,dataset
error,350.0,2.2809198772084986,2.929000957980737,0.0,0.0,1.0059810773491107,4.133647461983292,19.254265852117125,mutation_exploration
