,count,mean,std,min,25%,50%,75%,max,dataset
error,350.0,8.611735984088899,4.164519566843452,0.0,5.38960381528126,8.384768493733613,11.31672117610871,24.373288392669057,mutation_exploration
