{"mean":{"confidence_interval":{"confidence_level":0.95,"lower_bound":223509201.49333334,"upper_bound":225672412.15166667},"point_estimate":224634992.93333334,"standard_error":554110.9889994449},"median":{"confidence_interval":{"confidence_level":0.95,"lower_bound":223358086.6666667,"upper_bound":226410659.33333334},"point_estimate":224735745.0,"standard_error":750531.4483780726},"median_abs_dev":{"confidence_interval":{"confidence_level":0.95,"lower_bound":387343.0807233004,"upper_bound":3265112.130832672},"point_estimate":2015834.3512117937,"standard_error":711882.4628558885},"slope":null,"std_dev":{"confidence_interval":{"confidence_level":0.95,"lower_bound":1008440.5486925659,"upper_bound":2384043.348090808},"point_estimate":1851906.0949200725,"standard_error":369162.130253238}}