{"mean":{"confidence_interval":{"confidence_level":0.95,"lower_bound":113412147.22234127,"upper_bound":115473264.27761903},"point_estimate":114484756.37623015,"standard_error":528424.0369857554},"median":{"confidence_interval":{"confidence_level":0.95,"lower_bound":113158496.86805555,"upper_bound":115651096.57142857},"point_estimate":115000710.63333333,"standard_error":699621.3948206855},"median_abs_dev":{"confidence_interval":{"confidence_level":0.95,"lower_bound":221202.43347287178,"upper_bound":2871643.676845647},"point_estimate":1171834.6950832754,"standard_error":743456.1910078864},"slope":{"confidence_interval":{"confidence_level":0.95,"lower_bound":112758732.52095808,"upper_bound":115183016.17821783},"point_estimate":114029835.44935066,"standard_error":623110.2750834061},"std_dev":{"confidence_interval":{"confidence_level":0.95,"lower_bound":852273.4735786606,"upper_bound":2234852.432053042},"point_estimate":1765871.5886937699,"standard_error":342726.69294352655}}