{"mean":{"confidence_interval":{"confidence_level":0.95,"lower_bound":143535570.50433335,"upper_bound":143821609.43732145},"point_estimate":143661317.71535712,"standard_error":74387.94590552247},"median":{"confidence_interval":{"confidence_level":0.95,"lower_bound":143507064.86666667,"upper_bound":143811906.21428573},"point_estimate":143567173.0,"standard_error":63483.530775231615},"median_abs_dev":{"confidence_interval":{"confidence_level":0.95,"lower_bound":22898.398298482476,"upper_bound":305476.73417668283},"point_estimate":88868.98833476007,"standard_error":65778.09425142521},"slope":{"confidence_interval":{"confidence_level":0.95,"lower_bound":143509321.18221173,"upper_bound":143884565.34393546},"point_estimate":143654560.96363637,"standard_error":95704.15968664993},"std_dev":{"confidence_interval":{"confidence_level":0.95,"lower_bound":47293.22851521102,"upper_bound":330722.07596708473},"point_estimate":247936.7254619827,"standard_error":76800.62546458862}}