{"mean":{"confidence_interval":{"confidence_level":0.95,"lower_bound":1014288676.8,"upper_bound":1029581888.1},"point_estimate":1021647956.2,"standard_error":3928733.4752149233},"median":{"confidence_interval":{"confidence_level":0.95,"lower_bound":1009771836.0,"upper_bound":1035999139.0},"point_estimate":1017052441.0,"standard_error":6677546.826603195},"median_abs_dev":{"confidence_interval":{"confidence_level":0.95,"lower_bound":2304492.6124870777,"upper_bound":20986604.412013292},"point_estimate":12693040.23475349,"standard_error":5108974.772973784},"slope":null,"std_dev":{"confidence_interval":{"confidence_level":0.95,"lower_bound":7282759.438884017,"upper_bound":15269254.984548513},"point_estimate":13078748.42651134,"standard_error":1979729.1907244313}}