{"mean":{"confidence_interval":{"confidence_level":0.95,"lower_bound":811621738.2,"upper_bound":812080717.2},"point_estimate":811852562.6,"standard_error":118113.8105617867},"median":{"confidence_interval":{"confidence_level":0.95,"lower_bound":811460471.0,"upper_bound":812249053.0},"point_estimate":811850922.5,"standard_error":246635.5905378448},"median_abs_dev":{"confidence_interval":{"confidence_level":0.95,"lower_bound":59209.112548828125,"upper_bound":605555.3571492434},"point_estimate":566091.5110498667,"standard_error":164610.1681406125},"slope":null,"std_dev":{"confidence_interval":{"confidence_level":0.95,"lower_bound":269206.105396941,"upper_bound":444021.0926519406},"point_estimate":393617.41224279074,"standard_error":45268.85948433234}}