{"mean":{"confidence_interval":{"confidence_level":0.95,"lower_bound":814932245.3125,"upper_bound":817391894.6424999},"point_estimate":816078344.8,"standard_error":628257.8486878268},"median":{"confidence_interval":{"confidence_level":0.95,"lower_bound":814644089.5,"upper_bound":818046916.0},"point_estimate":815076187.0,"standard_error":846847.3210557831},"median_abs_dev":{"confidence_interval":{"confidence_level":0.95,"lower_bound":120650.27935802937,"upper_bound":3110229.359382391},"point_estimate":657802.1802216768,"standard_error":822128.743506888},"slope":null,"std_dev":{"confidence_interval":{"confidence_level":0.95,"lower_bound":328387.0619568594,"upper_bound":2625722.871046001},"point_estimate":2097241.377788917,"standard_error":480416.7009326284}}