{"mean":{"confidence_interval":{"confidence_level":0.95,"lower_bound":2002565157.2,"upper_bound":2035326186.6},"point_estimate":2018733661.6,"standard_error":8360875.4157318305},"median":{"confidence_interval":{"confidence_level":0.95,"lower_bound":1996571797.5,"upper_bound":2038258259.5},"point_estimate":2020445237.0,"standard_error":12353462.358374149},"median_abs_dev":{"confidence_interval":{"confidence_level":0.95,"lower_bound":6325815.979394317,"upper_bound":48114518.20189655},"point_estimate":31552892.790824175,"standard_error":10608788.915018708},"slope":null,"std_dev":{"confidence_interval":{"confidence_level":0.95,"lower_bound":16102060.054140292,"upper_bound":35552479.3515106},"point_estimate":28038372.20199068,"standard_error":5016462.703193494}}