{"mean":{"confidence_interval":{"confidence_level":0.95,"lower_bound":791157444.9,"upper_bound":791415583.0550001},"point_estimate":791285197.1,"standard_error":66105.91729760605},"median":{"confidence_interval":{"confidence_level":0.95,"lower_bound":791065107.0,"upper_bound":791507631.5},"point_estimate":791266909.5,"standard_error":124213.43537297883},"median_abs_dev":{"confidence_interval":{"confidence_level":0.95,"lower_bound":31282.859444618225,"upper_bound":372335.7095897198},"point_estimate":281303.3299058676,"standard_error":85912.26341811377},"slope":null,"std_dev":{"confidence_interval":{"confidence_level":0.95,"lower_bound":142109.88179998027,"upper_bound":255373.8072251878},"point_estimate":219915.76450210303,"standard_error":28941.48406241886}}