{"mean":{"confidence_interval":{"confidence_level":0.95,"lower_bound":1074517397.2,"upper_bound":1102937503.925},"point_estimate":1088944069.1,"standard_error":7289005.746639839},"median":{"confidence_interval":{"confidence_level":0.95,"lower_bound":1065100140.0,"upper_bound":1107545455.0},"point_estimate":1094066566.5,"standard_error":8941412.50268811},"median_abs_dev":{"confidence_interval":{"confidence_level":0.95,"lower_bound":2320352.7257055044,"upper_bound":44727417.7452296},"point_estimate":23469802.21232772,"standard_error":13108023.814218497},"slope":null,"std_dev":{"confidence_interval":{"confidence_level":0.95,"lower_bound":13599241.929063674,"upper_bound":30392261.440581944},"point_estimate":24324595.22454778,"standard_error":4305859.011825188}}