{"mean":{"confidence_interval":{"confidence_level":0.95,"lower_bound":41386797.20470536,"upper_bound":42682575.184527785},"point_estimate":42028538.64488095,"standard_error":331876.95173723734},"median":{"confidence_interval":{"confidence_level":0.95,"lower_bound":40945973.041666664,"upper_bound":43085808.2},"point_estimate":42082225.277777776,"standard_error":583279.400152295},"median_abs_dev":{"confidence_interval":{"confidence_level":0.95,"lower_bound":237916.689009469,"upper_bound":1875358.7061757261},"point_estimate":1492622.160057332,"standard_error":426341.92143342557},"slope":{"confidence_interval":{"confidence_level":0.95,"lower_bound":41649448.88660221,"upper_bound":43060959.50915751},"point_estimate":42444851.86493506,"standard_error":359417.2191731049},"std_dev":{"confidence_interval":{"confidence_level":0.95,"lower_bound":699856.1491989528,"upper_bound":1324950.3154274123},"point_estimate":1104882.986323227,"standard_error":160154.0696304734}}