{"mean":{"confidence_interval":{"confidence_level":0.95,"lower_bound":641250111.9,"upper_bound":652407960.1324999},"point_estimate":646809966.8,"standard_error":2848319.7125662947},"median":{"confidence_interval":{"confidence_level":0.95,"lower_bound":637692163.5,"upper_bound":654103664.0},"point_estimate":646952613.0,"standard_error":4450777.477311563},"median_abs_dev":{"confidence_interval":{"confidence_level":0.95,"lower_bound":2392117.2361314297,"upper_bound":15842047.73774743},"point_estimate":9969656.049603224,"standard_error":3494788.597312649},"slope":null,"std_dev":{"confidence_interval":{"confidence_level":0.95,"lower_bound":5717409.291841572,"upper_bound":11702565.983639255},"point_estimate":9469732.48229235,"standard_error":1535344.0069785027}}