{"mean":{"confidence_interval":{"confidence_level":0.95,"lower_bound":448134613.8,"upper_bound":448234642.2375},"point_estimate":448183427.05,"standard_error":25803.75165485824},"median":{"confidence_interval":{"confidence_level":0.95,"lower_bound":448112607.0,"upper_bound":448291708.5},"point_estimate":448160132.25,"standard_error":47029.98335883163},"median_abs_dev":{"confidence_interval":{"confidence_level":0.95,"lower_bound":5008.222711086273,"upper_bound":137846.21515274048},"point_estimate":79468.0998891592,"standard_error":37362.276847240835},"slope":null,"std_dev":{"confidence_interval":{"confidence_level":0.95,"lower_bound":53591.3655318342,"upper_bound":101022.40243627536},"point_estimate":86278.67660135125,"standard_error":12166.967287396787}}