{"mean":{"confidence_interval":{"confidence_level":0.95,"lower_bound":6328613846.1,"upper_bound":6330134858.715},"point_estimate":6329319094.2,"standard_error":390458.28090663196},"median":{"confidence_interval":{"confidence_level":0.95,"lower_bound":6328205508.0,"upper_bound":6330231403.0},"point_estimate":6328859612.0,"standard_error":516860.5979099089},"median_abs_dev":{"confidence_interval":{"confidence_level":0.95,"lower_bound":186378.38399112225,"upper_bound":2160936.163535714},"point_estimate":1156152.957174182,"standard_error":491399.79135172843},"slope":null,"std_dev":{"confidence_interval":{"confidence_level":0.95,"lower_bound":591198.8099816347,"upper_bound":1708758.1700831302},"point_estimate":1301344.4950821525,"standard_error":298784.9873440487}}