{"mean":{"confidence_interval":{"confidence_level":0.95,"lower_bound":1498870621.2,"upper_bound":1554685001.185},"point_estimate":1525234833.6,"standard_error":14320020.237992672},"median":{"confidence_interval":{"confidence_level":0.95,"lower_bound":1489479923.5,"upper_bound":1561681255.5},"point_estimate":1511016423.5,"standard_error":21411668.256149452},"median_abs_dev":{"confidence_interval":{"confidence_level":0.95,"lower_bound":2738002.6208907366,"upper_bound":78401671.65849209},"point_estimate":37469160.542589426,"standard_error":21088951.29928485},"slope":null,"std_dev":{"confidence_interval":{"confidence_level":0.95,"lower_bound":23509081.981356945,"upper_bound":60166468.25978323},"point_estimate":47665909.424422234,"standard_error":9490853.511177277}}