{"mean":{"confidence_interval":{"confidence_level":0.95,"lower_bound":3361174848.47,"upper_bound":3425517013.3875},"point_estimate":3393000706.0,"standard_error":16504265.51103697},"median":{"confidence_interval":{"confidence_level":0.95,"lower_bound":3340808172.0,"upper_bound":3436702784.0},"point_estimate":3392536842.5,"standard_error":25340798.351922635},"median_abs_dev":{"confidence_interval":{"confidence_level":0.95,"lower_bound":10946434.425061941,"upper_bound":95932102.76366472},"point_estimate":61044272.57234752,"standard_error":21520626.4191136},"slope":null,"std_dev":{"confidence_interval":{"confidence_level":0.95,"lower_bound":32986395.347944595,"upper_bound":68350831.96821947},"point_estimate":54987391.36064657,"standard_error":9223016.025188498}}