{"mean":{"confidence_interval":{"confidence_level":0.95,"lower_bound":829283473.125,"upper_bound":831299459.31},"point_estimate":830048717.6,"standard_error":566655.9365004351},"median":{"confidence_interval":{"confidence_level":0.95,"lower_bound":829164561.0,"upper_bound":829983754.0},"point_estimate":829575643.0,"standard_error":218819.94573423764},"median_abs_dev":{"confidence_interval":{"confidence_level":0.95,"lower_bound":19571.060952544212,"upper_bound":1020188.9026880264},"point_estimate":504666.6528403759,"standard_error":294874.56475522637},"slope":null,"std_dev":{"confidence_interval":{"confidence_level":0.95,"lower_bound":233977.34340678607,"upper_bound":2889629.4932030076},"point_estimate":1889509.4984435746,"standard_error":902309.732110297}}