{"mean":{"confidence_interval":{"confidence_level":0.95,"lower_bound":811634793.145,"upper_bound":814421705.525},"point_estimate":812840640.9,"standard_error":704217.7954748878},"median":{"confidence_interval":{"confidence_level":0.95,"lower_bound":811348021.0,"upper_bound":814677444.5},"point_estimate":812060328.5,"standard_error":651454.7695206067},"median_abs_dev":{"confidence_interval":{"confidence_level":0.95,"lower_bound":151150.3260165453,"upper_bound":3516019.937378168},"point_estimate":810026.6499191523,"standard_error":622088.6490126161},"slope":null,"std_dev":{"confidence_interval":{"confidence_level":0.95,"lower_bound":420945.83688014554,"upper_bound":2958401.8471797104},"point_estimate":2356699.3528755167,"standard_error":687982.0022546074}}