{"mean":{"confidence_interval":{"confidence_level":0.95,"lower_bound":491774336.8,"upper_bound":504371700.09499997},"point_estimate":498056003.5,"standard_error":3216490.780613228},"median":{"confidence_interval":{"confidence_level":0.95,"lower_bound":490213012.5,"upper_bound":506813025.0},"point_estimate":497182488.5,"standard_error":5534573.9012663765},"median_abs_dev":{"confidence_interval":{"confidence_level":0.95,"lower_bound":1419863.7557923794,"upper_bound":17169222.308385372},"point_estimate":10904691.081503034,"standard_error":4556261.673277896},"slope":null,"std_dev":{"confidence_interval":{"confidence_level":0.95,"lower_bound":6585981.377199708,"upper_bound":13311251.265328847},"point_estimate":10718098.458020208,"standard_error":1744449.637922187}}