{"mean":{"confidence_interval":{"confidence_level":0.95,"lower_bound":325273404.93,"upper_bound":325402711.64750004},"point_estimate":325336725.5,"standard_error":33160.595260346396},"median":{"confidence_interval":{"confidence_level":0.95,"lower_bound":325218884.5,"upper_bound":325419685.5},"point_estimate":325330661.25,"standard_error":47406.52885850471},"median_abs_dev":{"confidence_interval":{"confidence_level":0.95,"lower_bound":19568.837052583694,"upper_bound":190700.16291439533},"point_estimate":145999.03240799904,"standard_error":45499.21129476858},"slope":null,"std_dev":{"confidence_interval":{"confidence_level":0.95,"lower_bound":64449.53957143096,"upper_bound":135244.30826040643},"point_estimate":110126.44362302615,"standard_error":18150.738707781926}}