{"mean":{"confidence_interval":{"confidence_level":0.95,"lower_bound":51030675.09,"upper_bound":51040023.301488094},"point_estimate":51035457.6197619,"standard_error":2400.6424857903053},"median":{"confidence_interval":{"confidence_level":0.95,"lower_bound":51028214.0,"upper_bound":51042639.10714286},"point_estimate":51037226.166666664,"standard_error":4191.243411492409},"median_abs_dev":{"confidence_interval":{"confidence_level":0.95,"lower_bound":1765.949538648865,"upper_bound":12854.388871785297},"point_estimate":9933.419823646545,"standard_error":2920.083020217757},"slope":{"confidence_interval":{"confidence_level":0.95,"lower_bound":51030732.5079435,"upper_bound":51040898.5077821},"point_estimate":51036942.541558444,"standard_error":2638.4463383184143},"std_dev":{"confidence_interval":{"confidence_level":0.95,"lower_bound":4953.1322689467615,"upper_bound":9591.01296701621},"point_estimate":8012.78060501019,"standard_error":1186.77350551409}}