{"mean":{"confidence_interval":{"confidence_level":0.95,"lower_bound":10725464.982032737,"upper_bound":11064426.471699407},"point_estimate":10896443.389424603,"standard_error":86666.82180822063},"median":{"confidence_interval":{"confidence_level":0.95,"lower_bound":10633095.180555556,"upper_bound":11130265.875},"point_estimate":10935016.60267857,"standard_error":129050.42515832101},"median_abs_dev":{"confidence_interval":{"confidence_level":0.95,"lower_bound":79640.40580485154,"upper_bound":491489.693456814},"point_estimate":341946.79836048157,"standard_error":105284.8477801306},"slope":{"confidence_interval":{"confidence_level":0.95,"lower_bound":10627041.53599207,"upper_bound":11012939.05261763},"point_estimate":10779278.58116883,"standard_error":99305.81896770283},"std_dev":{"confidence_interval":{"confidence_level":0.95,"lower_bound":173784.1008206387,"upper_bound":351654.3764029756},"point_estimate":288552.4571460772,"standard_error":45342.30114975743}}