{"mean":{"confidence_interval":{"confidence_level":0.95,"lower_bound":51699.718848096294,"upper_bound":53580.08935129615},"point_estimate":52654.39591126608,"standard_error":481.45940481601986},"median":{"confidence_interval":{"confidence_level":0.95,"lower_bound":51393.09454306377,"upper_bound":54017.109615384616},"point_estimate":52803.686010143705,"standard_error":681.9240772822084},"median_abs_dev":{"confidence_interval":{"confidence_level":0.95,"lower_bound":236.85227872895487,"upper_bound":2613.78480244811},"point_estimate":1706.7789312272216,"standard_error":628.5119283630163},"slope":{"confidence_interval":{"confidence_level":0.95,"lower_bound":51656.01346213543,"upper_bound":53529.79192975911},"point_estimate":52574.747862906326,"standard_error":479.6337238808171},"std_dev":{"confidence_interval":{"confidence_level":0.95,"lower_bound":912.4981783155289,"upper_bound":2027.0858683480465},"point_estimate":1603.14790367159,"standard_error":286.7130091034852}}