{"mean":{"confidence_interval":{"confidence_level":0.95,"lower_bound":2595538741.5,"upper_bound":2596952867.4},"point_estimate":2596234567.4,"standard_error":362359.3656031968},"median":{"confidence_interval":{"confidence_level":0.95,"lower_bound":2595250256.0,"upper_bound":2597121171.0},"point_estimate":2596017103.5,"standard_error":515496.49181445944},"median_abs_dev":{"confidence_interval":{"confidence_level":0.95,"lower_bound":93822.6328343153,"upper_bound":2015310.746321082},"point_estimate":1474370.061224699,"standard_error":494778.71375169884},"slope":null,"std_dev":{"confidence_interval":{"confidence_level":0.95,"lower_bound":677154.5169307448,"upper_bound":1561006.16066561},"point_estimate":1211461.0862367987,"standard_error":231003.0723967998}}