{"mean":{"confidence_interval":{"confidence_level":0.95,"lower_bound":105707.1802957993,"upper_bound":105798.43199533256},"point_estimate":105749.13508265268,"standard_error":23.520923194968148},"median":{"confidence_interval":{"confidence_level":0.95,"lower_bound":105683.73605600934,"upper_bound":105802.31301050175},"point_estimate":105721.15735608712,"standard_error":28.98032421394203},"median_abs_dev":{"confidence_interval":{"confidence_level":0.95,"lower_bound":7.853173766643544,"upper_bound":128.17454486563136},"point_estimate":56.880206046756854,"standard_error":28.77533224796898},"slope":{"confidence_interval":{"confidence_level":0.95,"lower_bound":105689.93080123454,"upper_bound":105734.06454802089},"point_estimate":105705.37463819727,"standard_error":11.319421621097119},"std_dev":{"confidence_interval":{"confidence_level":0.95,"lower_bound":33.57907769007666,"upper_bound":104.43505361443954},"point_estimate":78.51420356433786,"standard_error":19.053057651833395}}