{"mean":{"confidence_interval":{"confidence_level":0.95,"lower_bound":372715313.05,"upper_bound":384957169.35},"point_estimate":378566031.35,"standard_error":3141089.4832115443},"median":{"confidence_interval":{"confidence_level":0.95,"lower_bound":370599980.0,"upper_bound":384320594.75},"point_estimate":378633534.25,"standard_error":4701394.809252123},"median_abs_dev":{"confidence_interval":{"confidence_level":0.95,"lower_bound":1008021.2047040462,"upper_bound":19054926.388907433},"point_estimate":9612634.11514163,"standard_error":4590010.916632837},"slope":null,"std_dev":{"confidence_interval":{"confidence_level":0.95,"lower_bound":5659342.630518096,"upper_bound":13921251.603824006},"point_estimate":10486441.805751828,"standard_error":2261989.7357483343}}