{"mean":{"confidence_interval":{"confidence_level":0.95,"lower_bound":223999.13075738918,"upper_bound":224497.34051724136},"point_estimate":224199.3129412972,"standard_error":135.23994119750446},"median":{"confidence_interval":{"confidence_level":0.95,"lower_bound":223958.29433497536,"upper_bound":224269.2068965517},"point_estimate":223991.2168000821,"standard_error":103.3669813409487},"median_abs_dev":{"confidence_interval":{"confidence_level":0.95,"lower_bound":2.728522580826449,"upper_bound":412.1481097087573},"point_estimate":88.1478262367961,"standard_error":109.05929933080363},"slope":{"confidence_interval":{"confidence_level":0.95,"lower_bound":223963.99512549787,"upper_bound":224291.52867101083},"point_estimate":224053.5152901286,"standard_error":87.37093558039811},"std_dev":{"confidence_interval":{"confidence_level":0.95,"lower_bound":99.43119645422625,"upper_bound":682.6843336957935},"point_estimate":451.62075072188856,"standard_error":193.26271097329834}}