{"mean":{"confidence_interval":{"confidence_level":0.95,"lower_bound":488124777.6175,"upper_bound":488335580.72875},"point_estimate":488233357.7,"standard_error":53854.86567425254},"median":{"confidence_interval":{"confidence_level":0.95,"lower_bound":488093752.0,"upper_bound":488356831.5},"point_estimate":488260617.25,"standard_error":61321.04283373322},"median_abs_dev":{"confidence_interval":{"confidence_level":0.95,"lower_bound":25075.954654812813,"upper_bound":317183.3612188697},"point_estimate":145110.58437377214,"standard_error":74289.42301962126},"slope":null,"std_dev":{"confidence_interval":{"confidence_level":0.95,"lower_bound":87093.22026587902,"upper_bound":233491.26848940554},"point_estimate":179092.26276686424,"standard_error":37296.371942588536}}