{"mean":{"confidence_interval":{"confidence_level":0.95,"lower_bound":402049580.22875,"upper_bound":402114677.82124996},"point_estimate":402081662.2,"standard_error":16692.35220154737},"median":{"confidence_interval":{"confidence_level":0.95,"lower_bound":402031447.75,"upper_bound":402133577.0},"point_estimate":402076097.75,"standard_error":26594.184848593817},"median_abs_dev":{"confidence_interval":{"confidence_level":0.95,"lower_bound":13577.650558948517,"upper_bound":92139.51121419668},"point_estimate":72097.72477000952,"standard_error":20199.657731240924},"slope":null,"std_dev":{"confidence_interval":{"confidence_level":0.95,"lower_bound":33312.48800104529,"upper_bound":67881.74797720705},"point_estimate":55439.9591250651,"standard_error":8885.47816475893}}