{"mean":{"confidence_interval":{"confidence_level":0.95,"lower_bound":402058565.4,"upper_bound":402180183.7775},"point_estimate":402119286.15,"standard_error":31064.77130313129},"median":{"confidence_interval":{"confidence_level":0.95,"lower_bound":402032902.0,"upper_bound":402208253.5},"point_estimate":402116277.75,"standard_error":53941.70777527541},"median_abs_dev":{"confidence_interval":{"confidence_level":0.95,"lower_bound":15591.02132320404,"upper_bound":166238.00464868546},"point_estimate":120314.09981399775,"standard_error":39151.673861208445},"slope":null,"std_dev":{"confidence_interval":{"confidence_level":0.95,"lower_bound":65394.52869380578,"upper_bound":124375.80178059779},"point_estimate":103193.46356804506,"standard_error":15092.026581528537}}