{"mean":{"confidence_interval":{"confidence_level":0.95,"lower_bound":1278121396.5825,"upper_bound":1278375356.2325},"point_estimate":1278239177.3,"standard_error":65218.586427648945},"median":{"confidence_interval":{"confidence_level":0.95,"lower_bound":1278058025.0,"upper_bound":1278375881.0},"point_estimate":1278204412.0,"standard_error":84960.35504477938},"median_abs_dev":{"confidence_interval":{"confidence_level":0.95,"lower_bound":37616.52653217316,"upper_bound":364912.3315215111},"point_estimate":217838.41413259506,"standard_error":77183.42047291131},"slope":null,"std_dev":{"confidence_interval":{"confidence_level":0.95,"lower_bound":108381.13166562814,"upper_bound":287713.3067359943},"point_estimate":216916.78518068217,"standard_error":49164.47295479895}}