{"mean":{"confidence_interval":{"confidence_level":0.95,"lower_bound":1534270489.03,"upper_bound":1566439074.1325},"point_estimate":1549187182.5,"standard_error":8249846.179254539},"median":{"confidence_interval":{"confidence_level":0.95,"lower_bound":1528091958.0,"upper_bound":1567173231.5},"point_estimate":1546475554.5,"standard_error":9616810.674712429},"median_abs_dev":{"confidence_interval":{"confidence_level":0.95,"lower_bound":4967689.910405874,"upper_bound":44689446.13600373},"point_estimate":22919481.858497858,"standard_error":10418775.345278362},"slope":null,"std_dev":{"confidence_interval":{"confidence_level":0.95,"lower_bound":12324863.45670375,"upper_bound":35648314.464623906},"point_estimate":27422062.491697,"standard_error":6139131.452959985}}