{"mean":{"confidence_interval":{"confidence_level":0.95,"lower_bound":1137029937.895,"upper_bound":1137413602.62},"point_estimate":1137212977.7,"standard_error":98463.31536514888},"median":{"confidence_interval":{"confidence_level":0.95,"lower_bound":1136975279.5,"upper_bound":1137601886.0},"point_estimate":1137081052.0,"standard_error":148179.83870436138},"median_abs_dev":{"confidence_interval":{"confidence_level":0.95,"lower_bound":50040.71431159973,"upper_bound":530132.5312882662},"point_estimate":209715.9901767969,"standard_error":126034.998860954},"slope":null,"std_dev":{"confidence_interval":{"confidence_level":0.95,"lower_bound":133551.0599264024,"upper_bound":395850.1060550291},"point_estimate":329190.3388571724,"standard_error":59207.379196233254}}