{"mean":{"confidence_interval":{"confidence_level":0.95,"lower_bound":233317639.5958333,"upper_bound":233377424.36499995},"point_estimate":233345527.59999996,"standard_error":15282.875411540952},"median":{"confidence_interval":{"confidence_level":0.95,"lower_bound":233307809.33333334,"upper_bound":233363103.16666666},"point_estimate":233347526.5,"standard_error":13876.3367097483},"median_abs_dev":{"confidence_interval":{"confidence_level":0.95,"lower_bound":7190.856972366226,"upper_bound":77392.95412597095},"point_estimate":26984.060820937157,"standard_error":18514.0254155294},"slope":null,"std_dev":{"confidence_interval":{"confidence_level":0.95,"lower_bound":20204.72803025049,"upper_bound":71429.09319286639},"point_estimate":51041.71775689855,"standard_error":13985.375367276234}}