{"mean":{"confidence_interval":{"confidence_level":0.95,"lower_bound":261166410.61625,"upper_bound":269341875.59375},"point_estimate":265105357.55,"standard_error":2096775.374674096},"median":{"confidence_interval":{"confidence_level":0.95,"lower_bound":258122019.0,"upper_bound":269586318.0},"point_estimate":264471155.0,"standard_error":2740791.4434807426},"median_abs_dev":{"confidence_interval":{"confidence_level":0.95,"lower_bound":891586.698371172,"upper_bound":12512098.91551584},"point_estimate":7674216.933855414,"standard_error":2911416.9069467196},"slope":null,"std_dev":{"confidence_interval":{"confidence_level":0.95,"lower_bound":3762475.2029201183,"upper_bound":9179532.584060665},"point_estimate":6985746.985720191,"standard_error":1480528.1899286313}}