{"mean":{"confidence_interval":{"confidence_level":0.95,"lower_bound":1274697976.48,"upper_bound":1275150519.02},"point_estimate":1274915371.4,"standard_error":116136.00478041776},"median":{"confidence_interval":{"confidence_level":0.95,"lower_bound":1274642740.5,"upper_bound":1275178994.0},"point_estimate":1274873785.0,"standard_error":140639.5586321313},"median_abs_dev":{"confidence_interval":{"confidence_level":0.95,"lower_bound":61249.17011260986,"upper_bound":645211.1999452114},"point_estimate":357938.181245327,"standard_error":149891.39177196947},"slope":null,"std_dev":{"confidence_interval":{"confidence_level":0.95,"lower_bound":185436.50072329343,"upper_bound":493386.6460837184},"point_estimate":385546.84616073425,"standard_error":77316.5605296199}}