{"mean":{"confidence_interval":{"confidence_level":0.95,"lower_bound":856386.03435247,"upper_bound":856485.8597923158},"point_estimate":856433.742960985,"standard_error":25.598054059116254},"median":{"confidence_interval":{"confidence_level":0.95,"lower_bound":856364.9875389409,"upper_bound":856500.1380581516},"point_estimate":856427.1600801068,"standard_error":28.03844034125828},"median_abs_dev":{"confidence_interval":{"confidence_level":0.95,"lower_bound":9.97351446468032,"upper_bound":152.03300645980454},"point_estimate":73.20395103680039,"standard_error":36.19709423744091},"slope":{"confidence_interval":{"confidence_level":0.95,"lower_bound":856395.7004022241,"upper_bound":856534.159074656},"point_estimate":856477.0120402961,"standard_error":35.55628539313626},"std_dev":{"confidence_interval":{"confidence_level":0.95,"lower_bound":39.24573035813561,"upper_bound":108.61814821731895},"point_estimate":85.42379663688571,"standard_error":17.436601132909257}}