{"mean":{"confidence_interval":{"confidence_level":0.95,"lower_bound":507213756.3425,"upper_bound":507534850.2},"point_estimate":507371228.6,"standard_error":82085.65582893549},"median":{"confidence_interval":{"confidence_level":0.95,"lower_bound":507079052.0,"upper_bound":507579107.5},"point_estimate":507348204.5,"standard_error":124014.27635979478},"median_abs_dev":{"confidence_interval":{"confidence_level":0.95,"lower_bound":26983.319520950317,"upper_bound":470802.58684158325},"point_estimate":344141.8471902609,"standard_error":110690.914222637},"slope":null,"std_dev":{"confidence_interval":{"confidence_level":0.95,"lower_bound":161456.65064318886,"upper_bound":340763.4642815388},"point_estimate":273690.21428054996,"standard_error":47055.158884239536}}