{"mean":{"confidence_interval":{"confidence_level":0.95,"lower_bound":1533709308.835,"upper_bound":1534041982.0},"point_estimate":1533878992.4,"standard_error":85633.63458741098},"median":{"confidence_interval":{"confidence_level":0.95,"lower_bound":1533636813.0,"upper_bound":1534123365.0},"point_estimate":1533902116.0,"standard_error":135607.04958442147},"median_abs_dev":{"confidence_interval":{"confidence_level":0.95,"lower_bound":65511.645036935806,"upper_bound":470577.2316455841},"point_estimate":353786.1600190401,"standard_error":106037.62758491971},"slope":null,"std_dev":{"confidence_interval":{"confidence_level":0.95,"lower_bound":168905.48900924166,"upper_bound":346428.91291776276},"point_estimate":286108.3131081654,"standard_error":44840.9532981619}}