{"mean":{"confidence_interval":{"confidence_level":0.95,"lower_bound":1812450583.5175002,"upper_bound":1814444527.0749998},"point_estimate":1813479257.3,"standard_error":512585.2639152704},"median":{"confidence_interval":{"confidence_level":0.95,"lower_bound":1811963664.0,"upper_bound":1814806558.0},"point_estimate":1814011383.0,"standard_error":818233.6756610209},"median_abs_dev":{"confidence_interval":{"confidence_level":0.95,"lower_bound":316128.8619875908,"upper_bound":2744964.1690671444},"point_estimate":1575211.3223344088,"standard_error":662704.9000417097},"slope":null,"std_dev":{"confidence_interval":{"confidence_level":0.95,"lower_bound":953342.2910765099,"upper_bound":2077215.0636980007},"point_estimate":1712736.8258456376,"standard_error":280209.61592428474}}