{"mean":{"confidence_interval":{"confidence_level":0.95,"lower_bound":26131.309104218693,"upper_bound":26317.89629953661},"point_estimate":26230.95485762886,"standard_error":47.809372318682335},"median":{"confidence_interval":{"confidence_level":0.95,"lower_bound":26115.581257935344,"upper_bound":26358.304507973713},"point_estimate":26277.232211397597,"standard_error":69.5248126916721},"median_abs_dev":{"confidence_interval":{"confidence_level":0.95,"lower_bound":23.87697749581851,"upper_bound":272.22181126241776},"point_estimate":153.306397571266,"standard_error":63.316987606528315},"slope":{"confidence_interval":{"confidence_level":0.95,"lower_bound":26116.7107323912,"upper_bound":26289.461046374625},"point_estimate":26217.00329070285,"standard_error":44.02430569394767},"std_dev":{"confidence_interval":{"confidence_level":0.95,"lower_bound":77.77739443085497,"upper_bound":207.18394649025174},"point_estimate":159.15496443342462,"standard_error":34.81400491990813}}