{"mean":{"confidence_interval":{"confidence_level":0.95,"lower_bound":1567252784.9,"upper_bound":1569871713.6525},"point_estimate":1568601022.1,"standard_error":671680.6080044865},"median":{"confidence_interval":{"confidence_level":0.95,"lower_bound":1566737671.5,"upper_bound":1570357437.5},"point_estimate":1569233830.0,"standard_error":925517.2537633064},"median_abs_dev":{"confidence_interval":{"confidence_level":0.95,"lower_bound":301005.60095608234,"upper_bound":3856845.20842731},"point_estimate":2476804.0879279375,"standard_error":886019.0035998551},"slope":null,"std_dev":{"confidence_interval":{"confidence_level":0.95,"lower_bound":1220857.727986298,"upper_bound":2784768.281320143},"point_estimate":2240115.0870651193,"standard_error":398090.485140376}}