{"mean":{"confidence_interval":{"confidence_level":0.95,"lower_bound":1580183220.595,"upper_bound":1580858301.6675},"point_estimate":1580518320.4,"standard_error":173219.0829725957},"median":{"confidence_interval":{"confidence_level":0.95,"lower_bound":1580038283.0,"upper_bound":1580990817.0},"point_estimate":1580517413.0,"standard_error":289467.16203183355},"median_abs_dev":{"confidence_interval":{"confidence_level":0.95,"lower_bound":102926.53797268867,"upper_bound":979269.1434144974},"point_estimate":706113.4416639805,"standard_error":215191.4927700726},"slope":null,"std_dev":{"confidence_interval":{"confidence_level":0.95,"lower_bound":356141.95004737977,"upper_bound":708460.0317389824},"point_estimate":578911.6968009312,"standard_error":89840.64148515667}}