{"mean":{"confidence_interval":{"confidence_level":0.95,"lower_bound":1825873367.625,"upper_bound":1879967539.1},"point_estimate":1851960562.5,"standard_error":13833967.382736372},"median":{"confidence_interval":{"confidence_level":0.95,"lower_bound":1809513586.0,"upper_bound":1888037522.5},"point_estimate":1845648677.5,"standard_error":22948166.24445227},"median_abs_dev":{"confidence_interval":{"confidence_level":0.95,"lower_bound":7650815.575870872,"upper_bound":80655297.00718224},"point_estimate":55866876.30866468,"standard_error":18760901.163517766},"slope":null,"std_dev":{"confidence_interval":{"confidence_level":0.95,"lower_bound":27074800.81956494,"upper_bound":57863196.846532114},"point_estimate":46205345.8514226,"standard_error":8184525.103310314}}