{"mean":{"confidence_interval":{"confidence_level":0.95,"lower_bound":97523.52749551415,"upper_bound":97838.77200622088},"point_estimate":97639.45573813838,"standard_error":90.68180625631415},"median":{"confidence_interval":{"confidence_level":0.95,"lower_bound":97508.71909937888,"upper_bound":97589.16585144927},"point_estimate":97561.84824728261,"standard_error":28.430882078211713},"median_abs_dev":{"confidence_interval":{"confidence_level":0.95,"lower_bound":5.644952397070699,"upper_bound":110.8311969997445},"point_estimate":53.0220657352912,"standard_error":37.08169165064576},"slope":{"confidence_interval":{"confidence_level":0.95,"lower_bound":97521.72391424753,"upper_bound":97886.76244508623},"point_estimate":97631.01340203275,"standard_error":100.71675687051291},"std_dev":{"confidence_interval":{"confidence_level":0.95,"lower_bound":29.87728671681363,"upper_bound":464.7738836474598},"point_estimate":302.3577214141373,"standard_error":153.0476299204428}}