{"mean":{"confidence_interval":{"confidence_level":0.95,"lower_bound":1571808439.8,"upper_bound":1572728612.6825},"point_estimate":1572296951.9,"standard_error":236546.0611123589},"median":{"confidence_interval":{"confidence_level":0.95,"lower_bound":1571555539.5,"upper_bound":1572871689.0},"point_estimate":1572576863.0,"standard_error":293577.47405492223},"median_abs_dev":{"confidence_interval":{"confidence_level":0.95,"lower_bound":99652.21593081951,"upper_bound":1366728.1140357256},"point_estimate":584890.8787161112,"standard_error":315091.7646730481},"slope":null,"std_dev":{"confidence_interval":{"confidence_level":0.95,"lower_bound":315346.3752585049,"upper_bound":987142.6899353856},"point_estimate":787110.7754554629,"standard_error":167282.08549134358}}