{"mean":{"confidence_interval":{"confidence_level":0.95,"lower_bound":14704007.039904619,"upper_bound":14708385.134274375},"point_estimate":14706270.359075963,"standard_error":1123.2985705178392},"median":{"confidence_interval":{"confidence_level":0.95,"lower_bound":14703969.67857143,"upper_bound":14708189.151927438},"point_estimate":14707146.878571428,"standard_error":1072.890732957421},"median_abs_dev":{"confidence_interval":{"confidence_level":0.95,"lower_bound":229.72651258724144,"upper_bound":6447.987396238762},"point_estimate":1749.9520832176008,"standard_error":1596.3239015920767},"slope":{"confidence_interval":{"confidence_level":0.95,"lower_bound":14706728.013742102,"upper_bound":14710009.358078076},"point_estimate":14708138.99554731,"standard_error":871.0254703395533},"std_dev":{"confidence_interval":{"confidence_level":0.95,"lower_bound":1495.7263149403386,"upper_bound":5028.877113026202},"point_estimate":3760.7858992363604,"standard_error":883.0936943299288}}