{"mean":{"confidence_interval":{"confidence_level":0.95,"lower_bound":67691.52050568505,"upper_bound":67922.54300417025},"point_estimate":67794.48603560736,"standard_error":59.427193625290414},"median":{"confidence_interval":{"confidence_level":0.95,"lower_bound":67662.23328343313,"upper_bound":67935.67005988024},"point_estimate":67707.07963537212,"standard_error":67.20612433764744},"median_abs_dev":{"confidence_interval":{"confidence_level":0.95,"lower_bound":12.017430325576818,"upper_bound":315.55074359322384},"point_estimate":82.99802172259798,"standard_error":75.23870160995997},"slope":{"confidence_interval":{"confidence_level":0.95,"lower_bound":67653.58982067746,"upper_bound":67812.0535310181},"point_estimate":67705.9105820826,"standard_error":41.058358546780724},"std_dev":{"confidence_interval":{"confidence_level":0.95,"lower_bound":61.27971159931043,"upper_bound":271.43554120549067},"point_estimate":198.3819112821964,"standard_error":54.93089669013338}}