{"mean":{"confidence_interval":{"confidence_level":0.95,"lower_bound":459823735.20625,"upper_bound":459844502.05},"point_estimate":459834111.9,"standard_error":5296.162215798575},"median":{"confidence_interval":{"confidence_level":0.95,"lower_bound":459820903.0,"upper_bound":459843112.0},"point_estimate":459835611.75,"standard_error":5291.693527789878},"median_abs_dev":{"confidence_interval":{"confidence_level":0.95,"lower_bound":3200.9333431720734,"upper_bound":30480.77285885811},"point_estimate":12244.793182611465,"standard_error":7500.747066594359},"slope":null,"std_dev":{"confidence_interval":{"confidence_level":0.95,"lower_bound":7761.000895503105,"upper_bound":23496.986097570993},"point_estimate":17646.56080720043,"standard_error":3878.280042714711}}