{"mean":{"confidence_interval":{"confidence_level":0.95,"lower_bound":204990676.1666667,"upper_bound":205138661.05000004},"point_estimate":205054420.13333333,"standard_error":38475.679036110276},"median":{"confidence_interval":{"confidence_level":0.95,"lower_bound":204977189.33333334,"upper_bound":205103290.66666666},"point_estimate":204988006.1666667,"standard_error":38264.31448635831},"median_abs_dev":{"confidence_interval":{"confidence_level":0.95,"lower_bound":1680.2799701837957,"upper_bound":170920.7966655272},"point_estimate":28737.97658982102,"standard_error":46022.645497345235},"slope":null,"std_dev":{"confidence_interval":{"confidence_level":0.95,"lower_bound":31503.741977866037,"upper_bound":183335.51093800177},"point_estimate":128649.93594027523,"standard_error":42354.50018099034}}