{"mean":{"confidence_interval":{"confidence_level":0.95,"lower_bound":292051426.53,"upper_bound":302782126.75},"point_estimate":297516822.75,"standard_error":2752181.0948091624},"median":{"confidence_interval":{"confidence_level":0.95,"lower_bound":288481809.5,"upper_bound":306624081.5},"point_estimate":297348157.5,"standard_error":4878080.996321357},"median_abs_dev":{"confidence_interval":{"confidence_level":0.95,"lower_bound":1104388.7203931808,"upper_bound":15728640.700560808},"point_estimate":12828231.854653358,"standard_error":4176335.0734002497},"slope":null,"std_dev":{"confidence_interval":{"confidence_level":0.95,"lower_bound":5692213.296962068,"upper_bound":10856005.52407756},"point_estimate":9166276.731326975,"standard_error":1319739.7226492597}}