{"mean":{"confidence_interval":{"confidence_level":0.95,"lower_bound":1807978.3415852988,"upper_bound":1859031.3148839474},"point_estimate":1834621.619163672,"standard_error":13080.294778238169},"median":{"confidence_interval":{"confidence_level":0.95,"lower_bound":1807351.141509434,"upper_bound":1868796.1509433961},"point_estimate":1842561.3846024259,"standard_error":13702.690648028813},"median_abs_dev":{"confidence_interval":{"confidence_level":0.95,"lower_bound":4194.775297854902,"upper_bound":73074.84347209623},"point_estimate":34208.705998019956,"standard_error":19610.17653236683},"slope":{"confidence_interval":{"confidence_level":0.95,"lower_bound":1810076.1275101597,"upper_bound":1864304.6509433961},"point_estimate":1836302.856554766,"standard_error":14483.22566192265},"std_dev":{"confidence_interval":{"confidence_level":0.95,"lower_bound":20911.53444330563,"upper_bound":57146.27082416413},"point_estimate":43722.931458083505,"standard_error":9528.192340976504}}