{"mean":{"confidence_interval":{"confidence_level":0.95,"lower_bound":315897706.6575,"upper_bound":320973759.5},"point_estimate":318415100.5,"standard_error":1297580.5024298136},"median":{"confidence_interval":{"confidence_level":0.95,"lower_bound":314843436.0,"upper_bound":321429214.75},"point_estimate":318508316.0,"standard_error":1594208.061837993},"median_abs_dev":{"confidence_interval":{"confidence_level":0.95,"lower_bound":932303.7120983005,"upper_bound":7457731.392198801},"point_estimate":3450207.695196569,"standard_error":1680052.26089359},"slope":null,"std_dev":{"confidence_interval":{"confidence_level":0.95,"lower_bound":2357979.5904649035,"upper_bound":5568201.247682121},"point_estimate":4330863.479574118,"standard_error":827726.9786206782}}