{"mean":{"confidence_interval":{"confidence_level":0.95,"lower_bound":253756611.3,"upper_bound":253825873.75},"point_estimate":253788962.25,"standard_error":17745.02241388954},"median":{"confidence_interval":{"confidence_level":0.95,"lower_bound":253746830.5,"upper_bound":253819581.0},"point_estimate":253782634.75,"standard_error":19024.57906421354},"median_abs_dev":{"confidence_interval":{"confidence_level":0.95,"lower_bound":8746.969194710255,"upper_bound":92669.54070478678},"point_estimate":48852.03978270292,"standard_error":20657.566198460077},"slope":null,"std_dev":{"confidence_interval":{"confidence_level":0.95,"lower_bound":25882.58869206822,"upper_bound":81318.25074057012},"point_estimate":58961.32008182709,"standard_error":15318.789648298676}}