{"mean":{"confidence_interval":{"confidence_level":0.95,"lower_bound":319385752.3,"upper_bound":319644403.65},"point_estimate":319509478.5,"standard_error":66267.95037467683},"median":{"confidence_interval":{"confidence_level":0.95,"lower_bound":319355772.25,"upper_bound":319708075.75},"point_estimate":319462084.5,"standard_error":83590.30446863457},"median_abs_dev":{"confidence_interval":{"confidence_level":0.95,"lower_bound":32506.00442290306,"upper_bound":377733.1147938967},"point_estimate":169203.57524603605,"standard_error":88862.10013374896},"slope":null,"std_dev":{"confidence_interval":{"confidence_level":0.95,"lower_bound":100392.42576476485,"upper_bound":278398.5153929325},"point_estimate":220846.14895744354,"standard_error":44090.791680593684}}