{"mean":{"confidence_interval":{"confidence_level":0.95,"lower_bound":714933.1474366182,"upper_bound":723483.9351516439},"point_estimate":719233.8807262534,"standard_error":2191.2501982436615},"median":{"confidence_interval":{"confidence_level":0.95,"lower_bound":712614.0097001764,"upper_bound":724887.875},"point_estimate":720925.5726190477,"standard_error":3294.9206797160587},"median_abs_dev":{"confidence_interval":{"confidence_level":0.95,"lower_bound":73.70228035796661,"upper_bound":12446.390171624982},"point_estimate":9930.500849888875,"standard_error":3124.6829572492466},"slope":{"confidence_interval":{"confidence_level":0.95,"lower_bound":713948.1482828658,"upper_bound":722114.3961519961},"point_estimate":718183.7861265718,"standard_error":2083.2266278799534},"std_dev":{"confidence_interval":{"confidence_level":0.95,"lower_bound":4503.783265883836,"upper_bound":8819.554921000537},"point_estimate":7296.931770696074,"standard_error":1108.4264645411165}}