{"mean":{"confidence_interval":{"confidence_level":0.95,"lower_bound":89671.87055952809,"upper_bound":96150.1526216362},"point_estimate":92796.94562231962,"standard_error":1660.1552679766721},"median":{"confidence_interval":{"confidence_level":0.95,"lower_bound":87274.58019375673,"upper_bound":96907.41983016385},"point_estimate":92495.88442513712,"standard_error":2141.256780248738},"median_abs_dev":{"confidence_interval":{"confidence_level":0.95,"lower_bound":970.181344993272,"upper_bound":9563.600580944118},"point_estimate":6100.048371640592,"standard_error":2361.8519891585884},"slope":{"confidence_interval":{"confidence_level":0.95,"lower_bound":92718.71164576957,"upper_bound":97972.01084115024},"point_estimate":95587.86211119343,"standard_error":1364.0790343879523},"std_dev":{"confidence_interval":{"confidence_level":0.95,"lower_bound":3021.4396764507846,"upper_bound":6986.152655852019},"point_estimate":5527.848319122539,"standard_error":1038.0169217037044}}