{"mean":{"confidence_interval":{"confidence_level":0.95,"lower_bound":2964312322.7,"upper_bound":2971800880.9},"point_estimate":2968003430.5,"standard_error":1923747.6966187977},"median":{"confidence_interval":{"confidence_level":0.95,"lower_bound":2962177553.0,"upper_bound":2975360728.0},"point_estimate":2966300974.5,"standard_error":3585935.78173485},"median_abs_dev":{"confidence_interval":{"confidence_level":0.95,"lower_bound":1254735.4772239923,"upper_bound":10515626.455110312},"point_estimate":8246215.123200417,"standard_error":2471805.9550426346},"slope":null,"std_dev":{"confidence_interval":{"confidence_level":0.95,"lower_bound":4142536.1321996762,"upper_bound":7436613.815959657},"point_estimate":6428832.163450671,"standard_error":848939.0513630272}}