{"mean":{"confidence_interval":{"confidence_level":0.95,"lower_bound":488007254.66125,"upper_bound":488616597.53},"point_estimate":488316120.9,"standard_error":156120.24474143118},"median":{"confidence_interval":{"confidence_level":0.95,"lower_bound":487831182.75,"upper_bound":488794944.5},"point_estimate":488372521.0,"standard_error":329286.6505849644},"median_abs_dev":{"confidence_interval":{"confidence_level":0.95,"lower_bound":73352.74564772844,"upper_bound":741483.8292360306},"point_estimate":641048.0592191219,"standard_error":216468.46675553068},"slope":null,"std_dev":{"confidence_interval":{"confidence_level":0.95,"lower_bound":352604.2946028759,"upper_bound":592143.5506581176},"point_estimate":519818.7662830618,"standard_error":61579.67674851131}}